,gender,race/ethnicity,lunch,test preparation course,math score,reading score,writing score,parental level of education_associate's degree,parental level of education_bachelor's degree,parental level of education_high school,parental level of education_master's degree,parental level of education_some college,parental level of education_some high school,score_category_writing_Advanced,score_category_writing_Elementary,score_category_writing_Intermediate,score_category_writing_Master,score_category_reading_Advanced,score_category_reading_Elementary,score_category_reading_Intermediate,score_category_reading_Master,score_category_math_Advanced,score_category_math_Elementary,score_category_math_Intermediate,score_category_math_Master
0,0,1,1,0,72.0,72.0,74.0,0,1,0,0,0,0,0,0,1,0,0,0,1,0,0,0,1,0
1,0,2,1,1,69.0,90.0,88.0,0,0,0,0,1,0,1,0,0,0,1,0,0,0,0,0,1,0
2,0,1,1,0,90.0,95.0,93.0,0,0,0,1,0,0,0,0,0,1,0,0,0,1,1,0,0,0
3,1,0,0,0,47.0,57.0,44.0,1,0,0,0,0,0,0,1,0,0,0,0,1,0,0,0,1,0
4,1,2,1,0,76.0,78.0,75.0,0,0,0,0,1,0,0,0,1,0,1,0,0,0,1,0,0,0
5,0,1,1,0,71.0,83.0,78.0,1,0,0,0,0,0,1,0,0,0,1,0,0,0,0,0,1,0
6,0,1,1,1,88.0,95.0,92.0,0,0,0,0,1,0,0,0,0,1,0,0,0,1,1,0,0,0
7,1,1,0,0,40.0,43.0,39.0,0,0,0,0,1,0,0,1,0,0,0,1,0,0,0,1,0,0
8,1,3,0,1,64.0,64.0,67.0,0,0,1,0,0,0,0,0,1,0,0,0,1,0,0,0,1,0
9,0,1,0,0,38.0,60.0,50.0,0,0,1,0,0,0,0,0,1,0,0,0,1,0,0,1,0,0
10,1,2,1,0,58.0,54.0,52.0,1,0,0,0,0,0,0,0,1,0,0,0,1,0,0,0,1,0
11,1,3,1,0,40.0,52.0,43.0,1,0,0,0,0,0,0,1,0,0,0,0,1,0,0,1,0,0
12,0,1,1,0,65.0,81.0,73.0,0,0,1,0,0,0,0,0,1,0,1,0,0,0,0,0,1,0
13,1,0,1,1,78.0,72.0,70.0,0,0,0,0,1,0,0,0,1,0,0,0,1,0,1,0,0,0
14,0,0,1,0,50.0,53.0,58.0,0,0,0,1,0,0,0,0,1,0,0,0,1,0,0,0,1,0
15,0,2,1,0,69.0,75.0,78.0,0,0,0,0,0,1,1,0,0,0,0,0,1,0,0,0,1,0
16,1,2,1,0,88.0,89.0,86.0,0,0,1,0,0,0,1,0,0,0,1,0,0,0,1,0,0,0
17,0,1,0,0,27.0,32.0,28.0,0,0,0,0,0,1,0,1,0,0,0,1,0,0,0,1,0,0
18,1,2,0,1,46.0,42.0,46.0,0,0,0,1,0,0,0,0,1,0,0,1,0,0,0,0,1,0
19,0,2,0,0,54.0,58.0,61.0,1,0,0,0,0,0,0,0,1,0,0,0,1,0,0,0,1,0
20,1,3,1,0,66.0,69.0,63.0,0,0,1,0,0,0,0,0,1,0,0,0,1,0,0,0,1,0
21,0,1,0,1,65.0,75.0,70.0,0,0,0,0,1,0,0,0,1,0,0,0,1,0,0,0,1,0
22,1,3,1,0,44.0,54.0,53.0,0,0,0,0,1,0,0,0,1,0,0,0,1,0,0,1,0,0
23,0,2,1,0,69.0,73.0,73.0,0,0,0,0,0,1,0,0,1,0,0,0,1,0,0,0,1,0
24,1,3,0,1,74.0,71.0,80.0,0,1,0,0,0,0,1,0,0,0,0,0,1,0,0,0,1,0
25,1,0,0,0,73.0,74.0,72.0,0,0,0,1,0,0,0,0,1,0,0,0,1,0,0,0,1,0
26,1,1,1,0,69.0,54.0,55.0,0,0,0,0,1,0,0,0,1,0,0,0,1,0,0,0,1,0
27,0,2,1,0,67.0,69.0,75.0,0,1,0,0,0,0,0,0,1,0,0,0,1,0,0,0,1,0
28,1,2,1,0,70.0,70.0,65.0,0,0,1,0,0,0,0,0,1,0,0,0,1,0,0,0,1,0
29,0,3,1,0,62.0,70.0,75.0,0,0,0,1,0,0,0,0,1,0,0,0,1,0,0,0,1,0
30,0,3,1,0,69.0,74.0,74.0,0,0,0,0,1,0,0,0,1,0,0,0,1,0,0,0,1,0
31,0,1,1,0,63.0,65.0,61.0,0,0,0,0,1,0,0,0,1,0,0,0,1,0,0,0,1,0
32,0,4,0,0,56.0,72.0,65.0,0,0,0,1,0,0,0,0,1,0,0,0,1,0,0,0,1,0
33,1,3,1,0,40.0,42.0,38.0,0,0,0,0,1,0,0,1,0,0,0,1,0,0,0,1,0,0
34,1,4,1,0,97.0,87.0,82.0,0,0,0,0,1,0,1,0,0,0,1,0,0,0,0,0,0,1
35,1,4,1,1,81.0,81.0,79.0,1,0,0,0,0,0,1,0,0,0,1,0,0,0,1,0,0,0
36,0,3,1,0,74.0,81.0,83.0,1,0,0,0,0,0,1,0,0,0,1,0,0,0,0,0,1,0
37,0,3,0,0,50.0,64.0,59.0,0,0,0,0,0,1,0,0,1,0,0,0,1,0,0,0,1,0
38,0,3,0,1,75.0,90.0,88.0,1,0,0,0,0,0,1,0,0,0,1,0,0,0,0,0,1,0
39,1,1,0,0,57.0,56.0,57.0,1,0,0,0,0,0,0,0,1,0,0,0,1,0,0,0,1,0
40,1,2,0,0,55.0,61.0,54.0,1,0,0,0,0,0,0,0,1,0,0,0,1,0,0,0,1,0
41,0,2,1,0,58.0,73.0,68.0,1,0,0,0,0,0,0,0,1,0,0,0,1,0,0,0,1,0
42,0,1,1,0,53.0,58.0,65.0,1,0,0,0,0,0,0,0,1,0,0,0,1,0,0,0,1,0
43,1,1,0,1,59.0,65.0,66.0,0,0,0,0,1,0,0,0,1,0,0,0,1,0,0,0,1,0
44,0,4,0,0,50.0,56.0,54.0,1,0,0,0,0,0,0,0,1,0,0,0,1,0,0,0,1,0
45,1,1,1,0,65.0,54.0,57.0,1,0,0,0,0,0,0,0,1,0,0,0,1,0,0,0,1,0
46,0,0,1,1,55.0,65.0,62.0,1,0,0,0,0,0,0,0,1,0,0,0,1,0,0,0,1,0
47,0,2,1,0,66.0,71.0,76.0,0,0,1,0,0,0,1,0,0,0,0,0,1,0,0,0,1,0
48,0,3,0,1,57.0,74.0,76.0,1,0,0,0,0,0,1,0,0,0,0,0,1,0,0,0,1,0
49,1,2,1,1,82.0,84.0,82.0,0,0,1,0,0,0,1,0,0,0,1,0,0,0,1,0,0,0
50,1,4,1,0,53.0,55.0,48.0,0,0,0,0,1,0,0,0,1,0,0,0,1,0,0,0,1,0
51,1,4,0,1,77.0,69.0,68.0,1,0,0,0,0,0,0,0,1,0,0,0,1,0,1,0,0,0
52,1,2,1,0,53.0,44.0,42.0,0,0,0,0,1,0,0,1,0,0,0,1,0,0,0,0,1,0
53,1,3,1,0,88.0,78.0,75.0,0,0,1,0,0,0,0,0,1,0,1,0,0,0,1,0,0,0
54,0,2,0,1,71.0,84.0,87.0,0,0,0,0,0,1,1,0,0,0,1,0,0,0,0,0,1,0
55,0,2,0,0,33.0,41.0,43.0,0,0,1,0,0,0,0,1,0,0,0,1,0,0,0,1,0,0
56,0,4,1,1,82.0,85.0,86.0,1,0,0,0,0,0,1,0,0,0,1,0,0,0,1,0,0,0
57,1,3,1,0,52.0,55.0,49.0,1,0,0,0,0,0,0,0,1,0,0,0,1,0,0,0,1,0
58,1,3,1,1,58.0,59.0,58.0,0,0,0,0,1,0,0,0,1,0,0,0,1,0,0,0,1,0
59,0,2,0,0,27.0,29.0,25.875,0,0,0,0,0,1,0,1,0,0,0,1,0,0,0,1,0,0
60,1,4,0,1,79.0,74.0,72.0,0,1,0,0,0,0,0,0,1,0,0,0,1,0,1,0,0,0
61,1,0,0,0,39.0,39.0,34.0,0,0,0,0,0,1,0,1,0,0,0,1,0,0,0,1,0,0
62,1,0,0,0,62.0,61.0,55.0,1,0,0,0,0,0,0,0,1,0,0,0,1,0,0,0,1,0
63,0,2,1,0,69.0,80.0,71.0,1,0,0,0,0,0,0,0,1,0,1,0,0,0,0,0,1,0
64,0,3,1,0,59.0,58.0,59.0,0,0,0,0,0,1,0,0,1,0,0,0,1,0,0,0,1,0
65,1,1,1,0,67.0,64.0,61.0,0,0,0,0,0,1,0,0,1,0,0,0,1,0,0,0,1,0
66,1,3,0,0,45.0,37.0,37.0,0,0,0,0,0,1,0,1,0,0,0,1,0,0,0,1,0,0
67,0,2,1,0,60.0,72.0,74.0,0,0,0,0,1,0,0,0,1,0,0,0,1,0,0,0,1,0
68,1,1,0,0,61.0,58.0,56.0,1,0,0,0,0,0,0,0,1,0,0,0,1,0,0,0,1,0
69,0,2,1,0,39.0,64.0,57.0,1,0,0,0,0,0,0,0,1,0,0,0,1,0,0,1,0,0
70,0,3,0,1,58.0,63.0,73.0,0,0,0,0,1,0,0,0,1,0,0,0,1,0,0,0,1,0
71,1,3,1,1,63.0,55.0,63.0,0,0,0,0,1,0,0,0,1,0,0,0,1,0,0,0,1,0
72,0,0,0,0,41.0,51.0,48.0,1,0,0,0,0,0,0,0,1,0,0,0,1,0,0,1,0,0
73,1,2,0,0,61.0,57.0,56.0,0,0,0,0,0,1,0,0,1,0,0,0,1,0,0,0,1,0
74,1,2,1,0,49.0,49.0,41.0,0,0,0,0,0,1,0,1,0,0,0,0,1,0,0,0,1,0
75,1,1,0,0,44.0,41.0,38.0,1,0,0,0,0,0,0,1,0,0,0,1,0,0,0,1,0,0
76,1,4,1,0,30.0,29.0,25.875,0,0,0,0,0,1,0,1,0,0,0,1,0,0,0,1,0,0
77,1,0,1,1,80.0,78.0,81.0,0,1,0,0,0,0,1,0,0,0,1,0,0,0,1,0,0,0
78,0,3,1,1,61.0,74.0,72.0,0,0,0,0,0,1,0,0,1,0,0,0,1,0,0,0,1,0
79,0,4,1,0,62.0,68.0,68.0,0,0,0,1,0,0,0,0,1,0,0,0,1,0,0,0,1,0
80,0,1,1,0,47.0,49.0,50.0,1,0,0,0,0,0,0,0,1,0,0,0,1,0,0,0,1,0
81,1,1,0,0,49.0,45.0,45.0,0,0,1,0,0,0,0,1,0,0,0,1,0,0,0,0,1,0
82,1,0,0,1,50.0,47.0,54.0,0,0,0,0,1,0,0,0,1,0,0,0,1,0,0,0,1,0
83,1,4,1,0,72.0,64.0,63.0,1,0,0,0,0,0,0,0,1,0,0,0,1,0,0,0,1,0
84,1,3,0,0,42.0,39.0,34.0,0,0,1,0,0,0,0,1,0,0,0,1,0,0,0,1,0,0
85,0,2,1,0,73.0,80.0,82.0,0,0,0,0,1,0,1,0,0,0,1,0,0,0,0,0,1,0
86,0,2,0,0,76.0,83.0,88.0,0,0,0,0,1,0,1,0,0,0,1,0,0,0,1,0,0,0
87,0,3,1,0,71.0,71.0,74.0,1,0,0,0,0,0,0,0,1,0,0,0,1,0,0,0,1,0
88,0,0,1,0,58.0,70.0,67.0,0,0,0,0,1,0,0,0,1,0,0,0,1,0,0,0,1,0
89,0,3,1,0,73.0,86.0,82.0,0,0,0,0,0,1,1,0,0,0,1,0,0,0,0,0,1,0
90,0,2,1,0,65.0,72.0,74.0,0,1,0,0,0,0,0,0,1,0,0,0,1,0,0,0,1,0
91,1,2,0,0,27.0,34.0,36.0,0,0,1,0,0,0,0,1,0,0,0,1,0,0,0,1,0,0
92,1,2,1,0,71.0,79.0,71.0,0,0,1,0,0,0,0,0,1,0,1,0,0,0,0,0,1,0
93,1,2,0,1,43.0,45.0,50.0,1,0,0,0,0,0,0,0,1,0,0,1,0,0,0,1,0,0
94,0,1,1,0,79.0,86.0,92.0,0,0,0,0,1,0,0,0,0,1,1,0,0,0,1,0,0,0
95,1,2,0,1,78.0,81.0,82.0,1,0,0,0,0,0,1,0,0,0,1,0,0,0,1,0,0,0
96,1,1,1,1,65.0,66.0,62.0,0,0,0,0,0,1,0,0,1,0,0,0,1,0,0,0,1,0
97,0,4,1,1,63.0,72.0,70.0,0,0,0,0,1,0,0,0,1,0,0,0,1,0,0,0,1,0
98,0,3,0,0,58.0,67.0,62.0,0,0,0,0,1,0,0,0,1,0,0,0,1,0,0,0,1,0
99,0,3,1,0,65.0,67.0,62.0,0,1,0,0,0,0,0,0,1,0,0,0,1,0,0,0,1,0
100,1,1,1,0,79.0,67.0,67.0,0,0,0,0,1,0,0,0,1,0,0,0,1,0,1,0,0,0
101,1,3,1,1,68.0,74.0,74.0,0,1,0,0,0,0,0,0,1,0,0,0,1,0,0,0,1,0
102,0,3,1,0,85.0,91.0,89.0,1,0,0,0,0,0,1,0,0,0,0,0,0,1,1,0,0,0
103,1,1,1,1,60.0,44.0,47.0,0,0,1,0,0,0,0,0,1,0,0,1,0,0,0,0,1,0
104,1,2,1,1,98.0,86.0,90.0,0,0,0,0,1,0,1,0,0,0,1,0,0,0,0,0,0,1
105,0,2,1,0,58.0,67.0,72.0,0,0,0,0,1,0,0,0,1,0,0,0,1,0,0,0,1,0
106,0,3,1,0,87.0,100.0,100.0,0,0,0,1,0,0,0,0,0,1,0,0,0,1,1,0,0,0
107,1,4,1,1,66.0,63.0,64.0,1,0,0,0,0,0,0,0,1,0,0,0,1,0,0,0,1,0
108,0,1,0,0,52.0,76.0,70.0,1,0,0,0,0,0,0,0,1,0,1,0,0,0,0,0,1,0
109,0,1,1,0,70.0,64.0,72.0,0,0,0,0,0,1,0,0,1,0,0,0,1,0,0,0,1,0
110,0,3,0,1,77.0,89.0,98.0,1,0,0,0,0,0,0,0,0,1,1,0,0,0,1,0,0,0
111,1,2,1,0,62.0,55.0,49.0,0,0,1,0,0,0,0,0,1,0,0,0,1,0,0,0,1,0
112,1,0,1,0,54.0,53.0,47.0,1,0,0,0,0,0,0,0,1,0,0,0,1,0,0,0,1,0
113,0,3,1,0,51.0,58.0,54.0,0,0,0,0,1,0,0,0,1,0,0,0,1,0,0,0,1,0
114,0,4,1,1,99.0,100.0,100.0,0,1,0,0,0,0,0,0,0,1,0,0,0,1,0,0,0,1
115,1,2,1,0,84.0,77.0,74.0,0,0,1,0,0,0,0,0,1,0,1,0,0,0,1,0,0,0
116,0,1,0,0,75.0,85.0,82.0,0,1,0,0,0,0,1,0,0,0,1,0,0,0,0,0,1,0
117,0,3,1,0,78.0,82.0,79.0,0,1,0,0,0,0,1,0,0,0,1,0,0,0,1,0,0,0
118,0,3,1,0,51.0,63.0,61.0,0,0,0,0,0,1,0,0,1,0,0,0,1,0,0,0,1,0
119,0,2,1,0,55.0,69.0,65.0,0,0,0,0,1,0,0,0,1,0,0,0,1,0,0,0,1,0
120,0,2,1,1,79.0,92.0,89.0,0,1,0,0,0,0,1,0,0,0,0,0,0,1,1,0,0,0
121,1,1,1,1,91.0,89.0,92.0,1,0,0,0,0,0,0,0,0,1,1,0,0,0,0,0,0,1
122,0,2,1,1,88.0,93.0,93.0,0,0,0,0,1,0,0,0,0,1,0,0,0,1,1,0,0,0
123,1,3,0,0,63.0,57.0,56.0,0,0,1,0,0,0,0,0,1,0,0,0,1,0,0,0,1,0
124,1,4,1,0,83.0,80.0,73.0,0,0,0,0,1,0,0,0,1,0,1,0,0,0,1,0,0,0
125,0,1,1,0,87.0,95.0,86.0,0,0,1,0,0,0,1,0,0,0,0,0,0,1,1,0,0,0
126,1,1,1,0,72.0,68.0,67.0,0,0,0,0,0,1,0,0,1,0,0,0,1,0,0,0,1,0
127,1,3,1,1,65.0,77.0,74.0,0,0,0,0,1,0,0,0,1,0,1,0,0,0,0,0,1,0
128,1,3,1,0,82.0,82.0,74.0,0,0,0,1,0,0,0,0,1,0,1,0,0,0,1,0,0,0
129,0,0,1,0,51.0,49.0,51.0,0,1,0,0,0,0,0,0,1,0,0,0,1,0,0,0,1,0
130,1,3,1,0,89.0,84.0,82.0,0,0,0,1,0,0,1,0,0,0,1,0,0,0,1,0,0,0
131,1,2,0,1,53.0,37.0,40.0,0,0,0,0,0,1,0,1,0,0,0,1,0,0,0,0,1,0
132,1,4,0,1,87.0,74.0,70.0,0,0,0,0,1,0,0,0,1,0,0,0,1,0,1,0,0,0
133,0,2,1,1,75.0,81.0,84.0,0,0,0,0,1,0,1,0,0,0,1,0,0,0,0,0,1,0
134,1,3,0,1,74.0,79.0,75.0,0,1,0,0,0,0,0,0,1,0,1,0,0,0,0,0,1,0
135,1,2,1,0,58.0,55.0,48.0,0,1,0,0,0,0,0,0,1,0,0,0,1,0,0,0,1,0
136,1,1,1,1,51.0,54.0,41.0,0,0,0,0,0,1,0,1,0,0,0,0,1,0,0,0,1,0
137,1,4,1,0,70.0,55.0,56.0,0,0,1,0,0,0,0,0,1,0,0,0,1,0,0,0,1,0
138,0,2,1,0,59.0,66.0,67.0,1,0,0,0,0,0,0,0,1,0,0,0,1,0,0,0,1,0
139,1,3,1,1,71.0,61.0,69.0,0,0,0,0,1,0,0,0,1,0,0,0,1,0,0,0,1,0
140,0,3,1,0,76.0,72.0,71.0,0,0,0,0,0,1,0,0,1,0,0,0,1,0,1,0,0,0
141,0,2,0,0,59.0,62.0,64.0,0,0,0,0,1,0,0,0,1,0,0,0,1,0,0,0,1,0
142,0,4,0,1,42.0,55.0,54.0,0,0,0,0,1,0,0,0,1,0,0,0,1,0,0,1,0,0
143,1,0,1,0,57.0,43.0,47.0,0,0,1,0,0,0,0,0,1,0,0,1,0,0,0,0,1,0
144,1,3,1,0,88.0,73.0,78.0,0,0,0,0,1,0,1,0,0,0,0,0,1,0,1,0,0,0
145,0,2,0,0,27.0,39.0,33.0,0,0,0,0,1,0,0,1,0,0,0,1,0,0,0,1,0,0
146,1,1,1,0,88.0,84.0,75.0,0,0,0,0,0,1,0,0,1,0,1,0,0,0,1,0,0,0
147,1,2,0,0,73.0,68.0,66.0,1,0,0,0,0,0,0,0,1,0,0,0,1,0,0,0,1,0
148,0,3,1,1,68.0,75.0,81.0,0,1,0,0,0,0,1,0,0,0,0,0,1,0,0,0,1,0
149,1,4,0,1,100.0,100.0,93.0,1,0,0,0,0,0,0,0,0,1,0,0,0,1,0,0,0,1
150,1,0,1,1,62.0,67.0,69.0,0,0,0,0,0,1,0,0,1,0,0,0,1,0,0,0,1,0
151,1,0,1,0,77.0,67.0,68.0,0,1,0,0,0,0,0,0,1,0,0,0,1,0,1,0,0,0
152,0,1,1,1,59.0,70.0,66.0,1,0,0,0,0,0,0,0,1,0,0,0,1,0,0,0,1,0
153,1,3,1,0,54.0,49.0,47.0,0,1,0,0,0,0,0,0,1,0,0,0,1,0,0,0,1,0
154,1,3,1,0,62.0,67.0,61.0,0,0,0,0,0,1,0,0,1,0,0,0,1,0,0,0,1,0
155,0,2,1,1,70.0,89.0,88.0,0,0,0,0,1,0,1,0,0,0,1,0,0,0,0,0,1,0
156,0,4,0,1,66.0,74.0,78.0,0,0,1,0,0,0,1,0,0,0,0,0,1,0,0,0,1,0
157,1,1,0,0,60.0,60.0,60.0,0,0,0,0,1,0,0,0,1,0,0,0,1,0,0,0,1,0
158,0,1,1,1,61.0,86.0,87.0,1,0,0,0,0,0,1,0,0,0,1,0,0,0,0,0,1,0
159,1,3,0,0,66.0,62.0,64.0,1,0,0,0,0,0,0,0,1,0,0,0,1,0,0,0,1,0
160,1,1,0,1,82.0,78.0,74.0,1,0,0,0,0,0,0,0,1,0,1,0,0,0,1,0,0,0
161,0,4,0,1,75.0,88.0,85.0,0,0,0,0,1,0,1,0,0,0,1,0,0,0,0,0,1,0
162,1,1,0,0,49.0,53.0,52.0,0,0,0,1,0,0,0,0,1,0,0,0,1,0,0,0,1,0
163,1,2,1,0,52.0,53.0,49.0,0,0,1,0,0,0,0,0,1,0,0,0,1,0,0,0,1,0
164,0,4,1,0,81.0,92.0,91.0,0,0,0,1,0,0,0,0,0,1,0,0,0,1,1,0,0,0
165,0,2,1,1,96.0,100.0,100.0,0,1,0,0,0,0,0,0,0,1,0,0,0,1,0,0,0,1
166,1,2,0,1,53.0,51.0,51.0,0,0,1,0,0,0,0,0,1,0,0,0,1,0,0,0,1,0
167,0,1,0,1,58.0,76.0,78.0,0,0,0,1,0,0,1,0,0,0,1,0,0,0,0,0,1,0
168,0,1,1,1,68.0,83.0,78.0,0,0,1,0,0,0,1,0,0,0,1,0,0,0,0,0,1,0
169,0,2,0,1,67.0,75.0,70.0,0,0,0,0,1,0,0,0,1,0,0,0,1,0,0,0,1,0
170,1,0,1,1,72.0,73.0,74.0,0,0,1,0,0,0,0,0,1,0,0,0,1,0,0,0,1,0
171,1,4,1,0,94.0,88.0,78.0,0,0,0,0,0,1,1,0,0,0,1,0,0,0,0,0,0,1
172,0,3,1,0,79.0,86.0,81.0,0,0,0,0,1,0,1,0,0,0,1,0,0,0,1,0,0,0
173,0,2,1,0,63.0,67.0,70.0,1,0,0,0,0,0,0,0,1,0,0,0,1,0,0,0,1,0
174,0,2,0,1,43.0,51.0,54.0,0,1,0,0,0,0,0,0,1,0,0,0,1,0,0,1,0,0
175,0,2,1,1,81.0,91.0,87.0,0,0,0,1,0,0,1,0,0,0,0,0,0,1,1,0,0,0
176,0,1,0,1,46.0,54.0,58.0,0,0,1,0,0,0,0,0,1,0,0,0,1,0,0,0,1,0
177,0,2,1,1,71.0,77.0,77.0,1,0,0,0,0,0,1,0,0,0,1,0,0,0,0,0,1,0
178,0,1,0,1,52.0,70.0,62.0,0,0,0,1,0,0,0,0,1,0,0,0,1,0,0,0,1,0
179,0,3,1,1,97.0,100.0,100.0,0,0,0,0,0,1,0,0,0,1,0,0,0,1,0,0,0,1
180,1,2,0,1,62.0,68.0,75.0,0,0,0,1,0,0,0,0,1,0,0,0,1,0,0,0,1,0
181,0,2,0,0,46.0,64.0,66.0,0,0,0,0,1,0,0,0,1,0,0,0,1,0,0,0,1,0
182,0,4,1,0,50.0,50.0,47.0,0,0,1,0,0,0,0,0,1,0,0,0,1,0,0,0,1,0
183,0,3,1,0,65.0,69.0,70.0,1,0,0,0,0,0,0,0,1,0,0,0,1,0,0,0,1,0
184,1,2,0,1,45.0,52.0,49.0,0,0,0,0,0,1,0,0,1,0,0,0,1,0,0,1,0,0
185,1,2,0,1,65.0,67.0,65.0,1,0,0,0,0,0,0,0,1,0,0,0,1,0,0,0,1,0
186,1,4,1,0,80.0,76.0,65.0,0,0,1,0,0,0,0,0,1,0,1,0,0,0,1,0,0,0
187,1,3,1,1,62.0,66.0,68.0,0,0,0,0,0,1,0,0,1,0,0,0,1,0,0,0,1,0
188,1,1,0,0,48.0,52.0,45.0,0,0,0,0,0,1,0,1,0,0,0,0,1,0,0,0,1,0
189,0,2,1,0,77.0,88.0,87.0,0,1,0,0,0,0,1,0,0,0,1,0,0,0,1,0,0,0
190,0,4,1,0,66.0,65.0,69.0,1,0,0,0,0,0,0,0,1,0,0,0,1,0,0,0,1,0
191,1,3,1,1,76.0,83.0,79.0,0,0,0,0,1,0,1,0,0,0,1,0,0,0,1,0,0,0
192,0,1,1,0,62.0,64.0,66.0,0,0,0,0,0,1,0,0,1,0,0,0,1,0,0,0,1,0
193,1,3,1,1,77.0,62.0,62.0,0,0,0,0,1,0,0,0,1,0,0,0,1,0,1,0,0,0
194,0,2,1,1,69.0,84.0,85.0,0,0,0,1,0,0,1,0,0,0,1,0,0,0,0,0,1,0
195,1,3,1,0,61.0,55.0,52.0,1,0,0,0,0,0,0,0,1,0,0,0,1,0,0,0,1,0
196,1,2,0,1,59.0,69.0,65.0,0,0,0,0,0,1,0,0,1,0,0,0,1,0,0,0,1,0
197,1,4,0,0,55.0,56.0,51.0,0,0,1,0,0,0,0,0,1,0,0,0,1,0,0,0,1,0
198,0,1,0,0,45.0,53.0,55.0,0,0,0,0,1,0,0,0,1,0,0,0,1,0,0,1,0,0
199,0,1,0,0,78.0,79.0,76.0,0,1,0,0,0,0,1,0,0,0,1,0,0,0,1,0,0,0
200,0,2,1,1,67.0,84.0,86.0,1,0,0,0,0,0,1,0,0,0,1,0,0,0,0,0,1,0
201,0,3,0,0,65.0,81.0,77.0,0,0,0,0,1,0,1,0,0,0,1,0,0,0,0,0,1,0
202,1,2,1,0,69.0,77.0,69.0,1,0,0,0,0,0,0,0,1,0,1,0,0,0,0,0,1,0
203,0,1,1,0,57.0,69.0,68.0,1,0,0,0,0,0,0,0,1,0,0,0,1,0,0,0,1,0
204,1,2,1,0,59.0,41.0,42.0,0,0,0,0,1,0,0,1,0,0,0,1,0,0,0,0,1,0
205,1,3,1,1,74.0,71.0,78.0,0,0,0,0,0,1,1,0,0,0,0,0,1,0,0,0,1,0
206,1,4,1,0,82.0,62.0,62.0,0,1,0,0,0,0,0,0,1,0,0,0,1,0,1,0,0,0
207,1,4,1,1,81.0,80.0,76.0,0,0,1,0,0,0,1,0,0,0,1,0,0,0,1,0,0,0
208,0,1,0,0,74.0,81.0,76.0,0,0,0,0,1,0,1,0,0,0,1,0,0,0,0,0,1,0
209,0,1,0,0,58.0,61.0,66.0,0,0,0,0,1,0,0,0,1,0,0,0,1,0,0,0,1,0
210,1,3,0,1,80.0,79.0,79.0,0,0,0,0,0,1,1,0,0,0,1,0,0,0,1,0,0,0
211,1,2,0,0,35.0,29.0,27.0,0,0,0,0,1,0,0,1,0,0,0,1,0,0,0,1,0,0
212,0,2,0,0,42.0,62.0,60.0,0,0,1,0,0,0,0,0,1,0,0,0,1,0,0,1,0,0
213,1,2,0,1,60.0,51.0,56.0,1,0,0,0,0,0,0,0,1,0,0,0,1,0,0,0,1,0
214,1,4,1,1,87.0,91.0,81.0,0,0,1,0,0,0,1,0,0,0,0,0,0,1,1,0,0,0
215,1,1,1,1,84.0,83.0,75.0,0,0,0,0,0,1,0,0,1,0,1,0,0,0,1,0,0,0
216,0,4,0,1,83.0,86.0,88.0,1,0,0,0,0,0,1,0,0,0,1,0,0,0,1,0,0,0
217,0,2,0,0,34.0,42.0,39.0,0,0,1,0,0,0,0,1,0,0,0,1,0,0,0,1,0,0
218,1,1,0,0,66.0,77.0,70.0,0,0,1,0,0,0,0,0,1,0,1,0,0,0,0,0,1,0
219,1,1,1,1,61.0,56.0,56.0,0,0,0,0,0,1,0,0,1,0,0,0,1,0,0,0,1,0
220,0,3,1,1,56.0,68.0,74.0,0,0,1,0,0,0,0,0,1,0,0,0,1,0,0,0,1,0
221,1,1,1,0,87.0,85.0,73.0,1,0,0,0,0,0,0,0,1,0,1,0,0,0,1,0,0,0
222,0,2,0,0,55.0,65.0,62.0,0,0,0,0,0,1,0,0,1,0,0,0,1,0,0,0,1,0
223,1,3,1,0,86.0,80.0,75.0,0,0,0,0,0,1,0,0,1,0,1,0,0,0,1,0,0,0
224,0,1,1,1,52.0,66.0,73.0,1,0,0,0,0,0,0,0,1,0,0,0,1,0,0,0,1,0
225,0,4,0,0,45.0,56.0,54.0,0,0,0,1,0,0,0,0,1,0,0,0,1,0,0,1,0,0
226,0,2,1,0,72.0,72.0,71.0,0,0,0,0,1,0,0,0,1,0,0,0,1,0,0,0,1,0
227,1,3,1,0,57.0,50.0,54.0,0,0,1,0,0,0,0,0,1,0,0,0,1,0,0,0,1,0
228,1,0,0,0,68.0,72.0,64.0,0,0,0,0,0,1,0,0,1,0,0,0,1,0,0,0,1,0
229,0,2,1,1,88.0,95.0,94.0,0,0,0,0,1,0,0,0,0,1,0,0,0,1,1,0,0,0
230,1,3,1,0,76.0,64.0,66.0,0,0,0,0,1,0,0,0,1,0,0,0,1,0,1,0,0,0
231,1,2,1,0,46.0,43.0,42.0,1,0,0,0,0,0,0,1,0,0,0,1,0,0,0,0,1,0
232,0,1,1,0,67.0,86.0,83.0,0,1,0,0,0,0,1,0,0,0,1,0,0,0,0,0,1,0
233,1,4,1,0,92.0,87.0,78.0,0,0,0,0,0,1,1,0,0,0,1,0,0,0,0,0,0,1
234,1,2,1,1,83.0,82.0,84.0,0,1,0,0,0,0,1,0,0,0,1,0,0,0,1,0,0,0
235,1,3,1,0,80.0,75.0,77.0,1,0,0,0,0,0,1,0,0,0,0,0,1,0,1,0,0,0
236,1,3,0,0,63.0,66.0,67.0,0,1,0,0,0,0,0,0,1,0,0,0,1,0,0,0,1,0
237,0,3,1,1,64.0,60.0,74.0,0,0,0,0,0,1,0,0,1,0,0,0,1,0,0,0,1,0
238,1,1,1,0,54.0,52.0,51.0,0,0,0,0,1,0,0,0,1,0,0,0,1,0,0,0,1,0
239,1,2,1,0,84.0,80.0,80.0,1,0,0,0,0,0,1,0,0,0,1,0,0,0,1,0,0,0
240,1,3,0,1,73.0,68.0,66.0,0,0,1,0,0,0,0,0,1,0,0,0,1,0,0,0,1,0
241,0,4,1,0,80.0,83.0,83.0,0,1,0,0,0,0,1,0,0,0,1,0,0,0,1,0,0,0
242,0,3,1,0,56.0,52.0,55.0,0,0,1,0,0,0,0,0,1,0,0,0,1,0,0,0,1,0
243,1,4,1,0,59.0,51.0,43.0,0,0,0,0,1,0,0,1,0,0,0,0,1,0,0,0,1,0
244,1,3,1,0,75.0,74.0,69.0,0,0,0,0,0,1,0,0,1,0,0,0,1,0,0,0,1,0
245,1,2,1,0,85.0,76.0,71.0,1,0,0,0,0,0,0,0,1,0,1,0,0,0,1,0,0,0
246,1,4,1,0,89.0,76.0,74.0,1,0,0,0,0,0,0,0,1,0,1,0,0,0,1,0,0,0
247,0,1,1,1,58.0,70.0,68.0,0,0,1,0,0,0,0,0,1,0,0,0,1,0,0,0,1,0
248,0,1,1,0,65.0,64.0,62.0,0,0,1,0,0,0,0,0,1,0,0,0,1,0,0,0,1,0
249,1,2,1,0,68.0,60.0,53.0,0,0,1,0,0,0,0,0,1,0,0,0,1,0,0,0,1,0
250,1,0,1,1,47.0,49.0,49.0,0,0,0,0,0,1,0,0,1,0,0,0,1,0,0,0,1,0
251,0,3,0,0,71.0,83.0,83.0,0,0,0,0,1,0,1,0,0,0,1,0,0,0,0,0,1,0
252,0,1,1,1,60.0,70.0,70.0,0,0,0,0,0,1,0,0,1,0,0,0,1,0,0,0,1,0
253,1,3,1,0,80.0,80.0,72.0,0,0,0,1,0,0,0,0,1,0,1,0,0,0,1,0,0,0
254,1,3,1,0,54.0,52.0,52.0,0,0,1,0,0,0,0,0,1,0,0,0,1,0,0,0,1,0
255,0,4,1,0,62.0,73.0,70.0,0,0,0,0,1,0,0,0,1,0,0,0,1,0,0,0,1,0
256,0,2,0,0,64.0,73.0,68.0,1,0,0,0,0,0,0,0,1,0,0,0,1,0,0,0,1,0
257,1,2,1,1,78.0,77.0,77.0,1,0,0,0,0,0,1,0,0,0,1,0,0,0,1,0,0,0
258,0,1,1,0,70.0,75.0,78.0,0,0,0,0,1,0,1,0,0,0,0,0,1,0,0,0,1,0
259,0,2,0,1,65.0,81.0,81.0,0,0,0,1,0,0,1,0,0,0,1,0,0,0,0,0,1,0
260,0,2,0,1,64.0,79.0,77.0,0,0,0,0,0,1,1,0,0,0,1,0,0,0,0,0,1,0
261,1,2,1,1,79.0,79.0,78.0,0,0,0,0,1,0,1,0,0,0,1,0,0,0,1,0,0,0
262,0,2,0,0,44.0,50.0,51.0,0,0,0,0,0,1,0,0,1,0,0,0,1,0,0,1,0,0
263,0,4,1,0,99.0,93.0,90.0,0,0,1,0,0,0,1,0,0,0,0,0,0,1,0,0,0,1
264,1,3,1,0,76.0,73.0,68.0,0,0,1,0,0,0,0,0,1,0,0,0,1,0,1,0,0,0
265,1,3,0,0,59.0,42.0,41.0,0,0,0,0,0,1,0,1,0,0,0,1,0,0,0,0,1,0
266,0,2,1,0,63.0,75.0,81.0,0,1,0,0,0,0,1,0,0,0,0,0,1,0,0,0,1,0
267,0,3,1,0,69.0,72.0,77.0,0,0,1,0,0,0,1,0,0,0,0,0,1,0,0,0,1,0
268,0,3,1,1,88.0,92.0,95.0,1,0,0,0,0,0,0,0,0,1,0,0,0,1,1,0,0,0
269,0,4,0,0,71.0,76.0,70.0,0,0,0,0,1,0,0,0,1,0,1,0,0,0,0,0,1,0
270,1,2,1,0,69.0,63.0,61.0,0,1,0,0,0,0,0,0,1,0,0,0,1,0,0,0,1,0
271,1,2,1,0,58.0,49.0,42.0,0,0,0,0,1,0,0,1,0,0,0,0,1,0,0,0,1,0
272,0,3,0,0,47.0,53.0,58.0,1,0,0,0,0,0,0,0,1,0,0,0,1,0,0,0,1,0
273,0,3,1,0,65.0,70.0,71.0,0,0,0,0,1,0,0,0,1,0,0,0,1,0,0,0,1,0
274,1,1,1,1,88.0,85.0,76.0,0,0,0,0,1,0,1,0,0,0,1,0,0,0,1,0,0,0
275,1,2,1,0,83.0,78.0,73.0,0,1,0,0,0,0,0,0,1,0,1,0,0,0,1,0,0,0
276,0,2,1,1,85.0,92.0,93.0,0,0,0,0,0,1,0,0,0,1,0,0,0,1,1,0,0,0
277,0,4,1,1,59.0,63.0,75.0,0,0,1,0,0,0,0,0,1,0,0,0,1,0,0,0,1,0
278,0,2,0,0,65.0,86.0,80.0,0,0,0,0,0,1,1,0,0,0,1,0,0,0,0,0,1,0
279,1,1,0,0,73.0,56.0,57.0,0,1,0,0,0,0,0,0,1,0,0,0,1,0,0,0,1,0
280,1,3,1,0,53.0,52.0,42.0,0,0,1,0,0,0,0,1,0,0,0,0,1,0,0,0,1,0
281,1,3,1,0,45.0,48.0,46.0,0,0,1,0,0,0,0,0,1,0,0,0,1,0,0,1,0,0
282,0,3,0,0,73.0,79.0,84.0,0,1,0,0,0,0,1,0,0,0,1,0,0,0,0,0,1,0
283,0,3,0,1,70.0,78.0,78.0,0,0,0,0,1,0,1,0,0,0,1,0,0,0,0,0,1,0
284,0,1,1,0,37.0,46.0,46.0,0,0,0,0,0,1,0,0,1,0,0,0,1,0,0,1,0,0
285,1,1,1,1,81.0,82.0,82.0,1,0,0,0,0,0,1,0,0,0,1,0,0,0,1,0,0,0
286,1,4,1,1,97.0,82.0,88.0,1,0,0,0,0,0,1,0,0,0,1,0,0,0,0,0,0,1
287,0,1,1,0,67.0,89.0,82.0,0,0,0,0,0,1,1,0,0,0,1,0,0,0,0,0,1,0
288,1,1,0,0,88.0,75.0,76.0,0,1,0,0,0,0,1,0,0,0,0,0,1,0,1,0,0,0
289,1,4,1,1,77.0,76.0,77.0,0,0,0,0,0,1,1,0,0,0,1,0,0,0,1,0,0,0
290,1,2,1,0,76.0,70.0,68.0,1,0,0,0,0,0,0,0,1,0,0,0,1,0,1,0,0,0
291,1,3,1,0,86.0,73.0,70.0,0,0,0,0,0,1,0,0,1,0,0,0,1,0,1,0,0,0
292,1,2,1,1,63.0,60.0,57.0,0,0,0,0,0,1,0,0,1,0,0,0,1,0,0,0,1,0
293,0,4,1,0,65.0,73.0,75.0,0,1,0,0,0,0,0,0,1,0,0,0,1,0,0,0,1,0
294,1,3,0,1,78.0,77.0,80.0,0,0,1,0,0,0,1,0,0,0,1,0,0,0,1,0,0,0
295,1,1,0,0,67.0,62.0,60.0,1,0,0,0,0,0,0,0,1,0,0,0,1,0,0,0,1,0
296,1,0,1,1,46.0,41.0,43.0,0,0,0,0,0,1,0,1,0,0,0,1,0,0,0,0,1,0
297,1,4,1,1,71.0,74.0,68.0,1,0,0,0,0,0,0,0,1,0,0,0,1,0,0,0,1,0
298,1,2,0,1,40.0,46.0,50.0,0,0,1,0,0,0,0,0,1,0,0,0,1,0,0,1,0,0
299,1,3,0,0,90.0,87.0,75.0,1,0,0,0,0,0,0,0,1,0,1,0,0,0,1,0,0,0
300,1,0,0,1,81.0,78.0,81.0,0,0,0,0,1,0,1,0,0,0,1,0,0,0,1,0,0,0
301,1,3,0,0,56.0,54.0,52.0,0,0,0,0,0,1,0,0,1,0,0,0,1,0,0,0,1,0
302,0,2,1,1,67.0,84.0,81.0,1,0,0,0,0,0,1,0,0,0,1,0,0,0,0,0,1,0
303,1,1,1,0,80.0,76.0,64.0,1,0,0,0,0,0,0,0,1,0,1,0,0,0,1,0,0,0
304,0,2,1,1,74.0,75.0,83.0,1,0,0,0,0,0,1,0,0,0,0,0,1,0,0,0,1,0
305,1,0,1,0,69.0,67.0,69.0,0,0,0,0,1,0,0,0,1,0,0,0,1,0,0,0,1,0
306,1,4,1,1,99.0,87.0,81.0,0,0,0,0,1,0,1,0,0,0,1,0,0,0,0,0,0,1
307,1,2,1,0,51.0,52.0,44.0,0,0,0,0,0,1,0,1,0,0,0,0,1,0,0,0,1,0
308,0,1,0,0,53.0,71.0,67.0,1,0,0,0,0,0,0,0,1,0,0,0,1,0,0,0,1,0
309,0,3,0,0,49.0,57.0,52.0,0,0,1,0,0,0,0,0,1,0,0,0,1,0,0,0,1,0
310,0,1,1,0,73.0,76.0,80.0,1,0,0,0,0,0,1,0,0,0,1,0,0,0,0,0,1,0
311,1,1,1,0,66.0,60.0,57.0,0,1,0,0,0,0,0,0,1,0,0,0,1,0,0,0,1,0
312,1,3,1,1,67.0,61.0,68.0,0,1,0,0,0,0,0,0,1,0,0,0,1,0,0,0,1,0
313,0,2,0,1,68.0,67.0,69.0,1,0,0,0,0,0,0,0,1,0,0,0,1,0,0,0,1,0
314,0,2,1,1,59.0,64.0,75.0,0,1,0,0,0,0,0,0,1,0,0,0,1,0,0,0,1,0
315,1,2,1,0,71.0,66.0,65.0,0,0,1,0,0,0,0,0,1,0,0,0,1,0,0,0,1,0
316,0,3,1,1,77.0,82.0,91.0,0,0,0,1,0,0,0,0,0,1,1,0,0,0,1,0,0,0
317,1,2,1,0,83.0,72.0,78.0,1,0,0,0,0,0,1,0,0,0,0,0,1,0,1,0,0,0
318,1,1,1,0,63.0,71.0,69.0,0,1,0,0,0,0,0,0,1,0,0,0,1,0,0,0,1,0
319,0,3,0,0,56.0,65.0,63.0,1,0,0,0,0,0,0,0,1,0,0,0,1,0,0,0,1,0
320,0,2,0,1,67.0,79.0,84.0,0,0,1,0,0,0,1,0,0,0,1,0,0,0,0,0,1,0
321,0,4,1,0,75.0,86.0,79.0,0,0,1,0,0,0,1,0,0,0,1,0,0,0,0,0,1,0
322,0,2,1,0,71.0,81.0,80.0,0,0,0,0,1,0,1,0,0,0,1,0,0,0,0,0,1,0
323,0,2,0,0,43.0,53.0,53.0,0,0,0,0,0,1,0,0,1,0,0,0,1,0,0,1,0,0
324,0,2,0,0,41.0,46.0,43.0,0,0,1,0,0,0,0,1,0,0,0,0,1,0,0,1,0,0
325,0,2,1,0,82.0,90.0,94.0,0,0,0,0,1,0,0,0,0,1,1,0,0,0,1,0,0,0
326,1,2,1,0,61.0,61.0,62.0,0,0,0,0,1,0,0,0,1,0,0,0,1,0,0,0,1,0
327,1,0,0,0,28.0,29.0,25.875,0,0,0,0,1,0,0,1,0,0,0,1,0,0,0,1,0,0
328,1,2,1,1,82.0,75.0,77.0,1,0,0,0,0,0,1,0,0,0,0,0,1,0,1,0,0,0
329,0,1,1,0,41.0,55.0,51.0,0,0,0,0,0,1,0,0,1,0,0,0,1,0,0,1,0,0
330,1,2,1,0,71.0,60.0,61.0,0,0,1,0,0,0,0,0,1,0,0,0,1,0,0,0,1,0
331,1,2,1,0,47.0,37.0,35.0,1,0,0,0,0,0,0,1,0,0,0,1,0,0,0,0,1,0
332,1,4,1,1,62.0,56.0,53.0,1,0,0,0,0,0,0,0,1,0,0,0,1,0,0,0,1,0
333,1,1,1,0,90.0,78.0,81.0,1,0,0,0,0,0,1,0,0,0,1,0,0,0,1,0,0,0
334,0,2,1,0,83.0,93.0,95.0,0,1,0,0,0,0,0,0,0,1,0,0,0,1,1,0,0,0
335,0,1,0,0,61.0,68.0,66.0,0,0,0,0,1,0,0,0,1,0,0,0,1,0,0,0,1,0
336,1,3,1,1,76.0,70.0,69.0,0,0,0,0,0,1,0,0,1,0,0,0,1,0,1,0,0,0
337,1,2,1,0,49.0,51.0,43.0,1,0,0,0,0,0,0,1,0,0,0,0,1,0,0,0,1,0
338,0,1,0,0,27.0,38.0,27.0,0,0,0,0,0,1,0,1,0,0,0,1,0,0,0,1,0,0
339,0,3,0,1,35.0,55.0,60.0,0,0,0,0,0,1,0,0,1,0,0,0,1,0,0,1,0,0
340,1,2,0,0,58.0,61.0,52.0,0,0,1,0,0,0,0,0,1,0,0,0,1,0,0,0,1,0
341,0,2,1,0,61.0,73.0,63.0,0,0,1,0,0,0,0,0,1,0,0,0,1,0,0,0,1,0
342,0,1,1,1,69.0,76.0,74.0,0,0,1,0,0,0,0,0,1,0,1,0,0,0,0,0,1,0
343,1,3,1,1,67.0,72.0,67.0,1,0,0,0,0,0,0,0,1,0,0,0,1,0,0,0,1,0
344,1,3,1,0,79.0,73.0,67.0,0,0,0,0,1,0,0,0,1,0,0,0,1,0,1,0,0,0
345,0,2,1,0,72.0,80.0,75.0,0,0,1,0,0,0,0,0,1,0,1,0,0,0,0,0,1,0
346,1,1,1,0,62.0,61.0,57.0,0,0,0,0,1,0,0,0,1,0,0,0,1,0,0,0,1,0
347,0,2,1,1,77.0,94.0,95.0,0,1,0,0,0,0,0,0,0,1,0,0,0,1,1,0,0,0
348,1,3,0,0,75.0,74.0,66.0,0,0,1,0,0,0,0,0,1,0,0,0,1,0,0,0,1,0
349,1,4,1,0,87.0,74.0,76.0,1,0,0,0,0,0,1,0,0,0,0,0,1,0,1,0,0,0
350,0,1,1,0,52.0,65.0,69.0,0,1,0,0,0,0,0,0,1,0,0,0,1,0,0,0,1,0
351,1,4,1,0,66.0,57.0,52.0,0,0,0,0,1,0,0,0,1,0,0,0,1,0,0,0,1,0
352,0,2,1,1,63.0,78.0,80.0,0,0,0,0,1,0,1,0,0,0,1,0,0,0,0,0,1,0
353,0,2,1,0,46.0,58.0,57.0,1,0,0,0,0,0,0,0,1,0,0,0,1,0,0,0,1,0
354,0,2,1,0,59.0,71.0,70.0,0,0,0,0,1,0,0,0,1,0,0,0,1,0,0,0,1,0
355,0,1,1,0,61.0,72.0,70.0,0,1,0,0,0,0,0,0,1,0,0,0,1,0,0,0,1,0
356,1,0,1,0,63.0,61.0,61.0,1,0,0,0,0,0,0,0,1,0,0,0,1,0,0,0,1,0
357,0,2,0,1,42.0,66.0,69.0,0,0,0,0,1,0,0,0,1,0,0,0,1,0,0,1,0,0
358,1,3,0,0,59.0,62.0,61.0,0,0,0,0,1,0,0,0,1,0,0,0,1,0,0,0,1,0
359,0,3,1,0,80.0,90.0,89.0,0,0,0,0,1,0,1,0,0,0,1,0,0,0,1,0,0,0
360,0,1,1,0,58.0,62.0,59.0,0,0,1,0,0,0,0,0,1,0,0,0,1,0,0,0,1,0
361,1,1,1,1,85.0,84.0,78.0,0,0,0,0,0,1,1,0,0,0,1,0,0,0,1,0,0,0
362,0,2,1,0,52.0,58.0,58.0,0,0,0,0,1,0,0,0,1,0,0,0,1,0,0,0,1,0
363,0,3,0,0,27.0,34.0,32.0,0,0,0,0,0,1,0,1,0,0,0,1,0,0,0,1,0,0
364,1,2,1,0,59.0,60.0,58.0,0,0,0,0,1,0,0,0,1,0,0,0,1,0,0,0,1,0
365,1,0,0,1,49.0,58.0,60.0,0,1,0,0,0,0,0,0,1,0,0,0,1,0,0,0,1,0
366,1,2,1,1,69.0,58.0,53.0,0,0,1,0,0,0,0,0,1,0,0,0,1,0,0,0,1,0
367,1,2,0,0,61.0,66.0,61.0,0,1,0,0,0,0,0,0,1,0,0,0,1,0,0,0,1,0
368,0,0,0,0,44.0,64.0,58.0,0,0,0,0,0,1,0,0,1,0,0,0,1,0,0,1,0,0
369,0,3,1,0,73.0,84.0,85.0,0,0,0,0,0,1,1,0,0,0,1,0,0,0,0,0,1,0
370,1,4,1,0,84.0,77.0,71.0,0,0,0,0,1,0,0,0,1,0,1,0,0,0,1,0,0,0
371,0,2,0,1,45.0,73.0,70.0,0,0,0,0,1,0,0,0,1,0,0,0,1,0,0,1,0,0
372,1,3,1,0,74.0,74.0,72.0,0,0,0,0,0,1,0,0,1,0,0,0,1,0,0,0,1,0
373,0,3,1,1,82.0,97.0,96.0,0,0,0,0,1,0,0,0,0,1,0,0,0,1,1,0,0,0
374,0,3,1,0,59.0,70.0,73.0,0,1,0,0,0,0,0,0,1,0,0,0,1,0,0,0,1,0
375,1,4,0,0,46.0,43.0,41.0,1,0,0,0,0,0,0,1,0,0,0,1,0,0,0,0,1,0
376,0,3,1,0,80.0,90.0,82.0,0,0,0,0,0,1,1,0,0,0,1,0,0,0,1,0,0,0
377,0,3,0,1,85.0,95.0,100.0,0,0,0,1,0,0,0,0,0,1,0,0,0,1,1,0,0,0
378,0,0,1,0,71.0,83.0,77.0,0,0,0,0,0,1,1,0,0,0,1,0,0,0,0,0,1,0
379,1,0,1,0,66.0,64.0,62.0,0,1,0,0,0,0,0,0,1,0,0,0,1,0,0,0,1,0
380,0,1,1,0,80.0,86.0,83.0,1,0,0,0,0,0,1,0,0,0,1,0,0,0,1,0,0,0
381,1,2,1,1,87.0,100.0,95.0,1,0,0,0,0,0,0,0,0,1,0,0,0,1,1,0,0,0
382,1,2,0,0,79.0,81.0,71.0,0,0,0,1,0,0,0,0,1,0,1,0,0,0,1,0,0,0
383,0,4,0,0,38.0,49.0,45.0,0,0,0,0,0,1,0,1,0,0,0,0,1,0,0,1,0,0
384,0,0,0,0,38.0,43.0,43.0,0,0,0,0,0,1,0,1,0,0,0,1,0,0,0,1,0,0
385,0,4,1,0,67.0,76.0,75.0,0,0,0,0,1,0,0,0,1,0,1,0,0,0,0,0,1,0
386,0,4,1,0,64.0,73.0,70.0,0,1,0,0,0,0,0,0,1,0,0,0,1,0,0,0,1,0
387,0,2,0,0,57.0,78.0,67.0,1,0,0,0,0,0,0,0,1,0,1,0,0,0,0,0,1,0
388,0,3,1,0,62.0,64.0,64.0,0,0,1,0,0,0,0,0,1,0,0,0,1,0,0,0,1,0
389,1,3,1,0,73.0,70.0,75.0,0,0,0,1,0,0,0,0,1,0,0,0,1,0,0,0,1,0
390,1,4,0,1,73.0,67.0,59.0,0,0,0,0,0,1,0,0,1,0,0,0,1,0,0,0,1,0
391,0,3,1,0,77.0,68.0,77.0,0,0,0,0,1,0,1,0,0,0,0,0,1,0,1,0,0,0
392,1,4,1,0,76.0,67.0,67.0,0,0,0,0,1,0,0,0,1,0,0,0,1,0,1,0,0,0
393,1,2,1,1,57.0,54.0,56.0,1,0,0,0,0,0,0,0,1,0,0,0,1,0,0,0,1,0
394,0,2,1,1,65.0,74.0,77.0,0,0,0,0,0,1,1,0,0,0,0,0,1,0,0,0,1,0
395,1,0,0,0,48.0,45.0,41.0,0,0,1,0,0,0,0,1,0,0,0,1,0,0,0,0,1,0
396,0,1,0,0,50.0,67.0,63.0,0,0,1,0,0,0,0,0,1,0,0,0,1,0,0,0,1,0
397,0,2,1,0,85.0,89.0,95.0,1,0,0,0,0,0,0,0,0,1,1,0,0,0,1,0,0,0
398,1,1,1,0,74.0,63.0,57.0,0,0,0,0,0,1,0,0,1,0,0,0,1,0,0,0,1,0
399,1,3,1,0,60.0,59.0,54.0,0,0,0,0,0,1,0,0,1,0,0,0,1,0,0,0,1,0
400,0,2,1,1,59.0,54.0,67.0,0,0,0,0,0,1,0,0,1,0,0,0,1,0,0,0,1,0
401,1,0,1,0,53.0,43.0,43.0,0,0,0,0,1,0,0,1,0,0,0,1,0,0,0,0,1,0
402,0,0,0,0,49.0,65.0,55.0,0,0,0,0,1,0,0,0,1,0,0,0,1,0,0,0,1,0
403,0,3,1,1,88.0,99.0,100.0,0,0,1,0,0,0,0,0,0,1,0,0,0,1,1,0,0,0
404,0,2,1,0,54.0,59.0,62.0,0,0,1,0,0,0,0,0,1,0,0,0,1,0,0,0,1,0
405,0,2,1,0,63.0,73.0,68.0,0,0,0,0,0,1,0,0,1,0,0,0,1,0,0,0,1,0
406,1,1,1,1,65.0,65.0,63.0,1,0,0,0,0,0,0,0,1,0,0,0,1,0,0,0,1,0
407,0,1,1,0,82.0,80.0,77.0,1,0,0,0,0,0,1,0,0,0,1,0,0,0,1,0,0,0
408,0,3,0,1,52.0,57.0,56.0,0,0,1,0,0,0,0,0,1,0,0,0,1,0,0,0,1,0
409,1,3,1,1,87.0,84.0,85.0,1,0,0,0,0,0,1,0,0,0,1,0,0,0,1,0,0,0
410,0,3,1,1,70.0,71.0,74.0,0,0,0,1,0,0,0,0,1,0,0,0,1,0,0,0,1,0
411,1,4,1,1,84.0,83.0,78.0,0,0,0,0,1,0,1,0,0,0,1,0,0,0,1,0,0,0
412,1,3,1,0,71.0,66.0,60.0,1,0,0,0,0,0,0,0,1,0,0,0,1,0,0,0,1,0
413,1,1,1,1,63.0,67.0,67.0,0,0,0,0,0,1,0,0,1,0,0,0,1,0,0,0,1,0
414,0,2,0,1,51.0,72.0,79.0,0,1,0,0,0,0,1,0,0,0,0,0,1,0,0,0,1,0
415,1,4,1,0,84.0,73.0,69.0,0,0,1,0,0,0,0,0,1,0,0,0,1,0,1,0,0,0
416,1,2,1,1,71.0,74.0,68.0,0,1,0,0,0,0,0,0,1,0,0,0,1,0,0,0,1,0
417,1,2,1,0,74.0,73.0,67.0,1,0,0,0,0,0,0,0,1,0,0,0,1,0,0,0,1,0
418,1,3,1,0,68.0,59.0,62.0,0,0,0,0,1,0,0,0,1,0,0,0,1,0,0,0,1,0
419,1,4,0,1,57.0,56.0,54.0,0,0,1,0,0,0,0,0,1,0,0,0,1,0,0,0,1,0
420,0,2,0,1,82.0,93.0,93.0,1,0,0,0,0,0,0,0,0,1,0,0,0,1,1,0,0,0
421,0,3,1,1,57.0,58.0,64.0,0,0,1,0,0,0,0,0,1,0,0,0,1,0,0,0,1,0
422,0,3,0,1,47.0,58.0,67.0,0,0,0,1,0,0,0,0,1,0,0,0,1,0,0,0,1,0
423,0,0,1,1,59.0,85.0,80.0,0,0,0,0,0,1,1,0,0,0,1,0,0,0,0,0,1,0
424,1,1,0,0,41.0,39.0,34.0,0,0,0,0,1,0,0,1,0,0,0,1,0,0,0,1,0,0
425,0,2,0,0,62.0,67.0,62.0,0,0,0,0,1,0,0,0,1,0,0,0,1,0,0,0,1,0
426,1,2,1,0,86.0,83.0,86.0,0,1,0,0,0,0,1,0,0,0,1,0,0,0,1,0,0,0
427,1,2,0,0,69.0,71.0,65.0,0,0,0,0,0,1,0,0,1,0,0,0,1,0,0,0,1,0
428,1,0,0,0,65.0,59.0,53.0,0,0,0,0,0,1,0,0,1,0,0,0,1,0,0,0,1,0
429,1,2,0,0,68.0,63.0,54.0,0,0,0,0,0,1,0,0,1,0,0,0,1,0,0,0,1,0
430,1,2,0,0,64.0,66.0,59.0,1,0,0,0,0,0,0,0,1,0,0,0,1,0,0,0,1,0
431,0,2,1,0,61.0,72.0,70.0,0,0,1,0,0,0,0,0,1,0,0,0,1,0,0,0,1,0
432,1,2,1,0,61.0,56.0,55.0,0,0,1,0,0,0,0,0,1,0,0,0,1,0,0,0,1,0
433,0,0,0,0,47.0,59.0,50.0,0,0,0,0,0,1,0,0,1,0,0,0,1,0,0,0,1,0
434,1,2,1,0,73.0,66.0,66.0,0,0,0,0,0,1,0,0,1,0,0,0,1,0,0,0,1,0
435,1,2,0,1,50.0,48.0,53.0,0,0,0,0,1,0,0,0,1,0,0,0,1,0,0,0,1,0
436,1,3,1,0,75.0,68.0,64.0,1,0,0,0,0,0,0,0,1,0,0,0,1,0,0,0,1,0
437,1,3,0,0,75.0,66.0,73.0,1,0,0,0,0,0,0,0,1,0,0,0,1,0,0,0,1,0
438,1,2,1,0,70.0,56.0,51.0,0,0,1,0,0,0,0,0,1,0,0,0,1,0,0,0,1,0
439,1,3,1,1,89.0,88.0,82.0,0,0,0,0,0,1,1,0,0,0,1,0,0,0,1,0,0,0
440,0,2,1,1,67.0,81.0,79.0,0,0,0,0,1,0,1,0,0,0,1,0,0,0,0,0,1,0
441,0,3,1,0,78.0,81.0,80.0,0,0,1,0,0,0,1,0,0,0,1,0,0,0,1,0,0,0
442,0,0,0,0,59.0,73.0,69.0,0,0,0,0,0,1,0,0,1,0,0,0,1,0,0,0,1,0
443,0,1,1,0,73.0,83.0,76.0,1,0,0,0,0,0,1,0,0,0,1,0,0,0,0,0,1,0
444,1,0,0,0,79.0,82.0,73.0,0,0,0,0,0,1,0,0,1,0,1,0,0,0,1,0,0,0
445,0,2,1,1,67.0,74.0,77.0,0,0,0,0,0,1,1,0,0,0,0,0,1,0,0,0,1,0
446,1,3,0,0,69.0,66.0,60.0,0,0,0,0,1,0,0,0,1,0,0,0,1,0,0,0,1,0
447,1,2,1,1,86.0,81.0,80.0,0,0,1,0,0,0,1,0,0,0,1,0,0,0,1,0,0,0
448,1,1,1,0,47.0,46.0,42.0,0,0,1,0,0,0,0,1,0,0,0,0,1,0,0,0,1,0
449,1,1,1,0,81.0,73.0,72.0,1,0,0,0,0,0,0,0,1,0,0,0,1,0,1,0,0,0
450,0,2,0,1,64.0,85.0,85.0,0,0,0,0,1,0,1,0,0,0,1,0,0,0,0,0,1,0
451,0,4,1,0,100.0,92.0,97.0,0,0,0,0,1,0,0,0,0,1,0,0,0,1,0,0,0,1
452,0,2,0,0,65.0,77.0,74.0,1,0,0,0,0,0,0,0,1,0,1,0,0,0,0,0,1,0
453,1,2,0,0,65.0,58.0,49.0,0,0,0,0,1,0,0,0,1,0,0,0,1,0,0,0,1,0
454,0,2,0,0,53.0,61.0,62.0,1,0,0,0,0,0,0,0,1,0,0,0,1,0,0,0,1,0
455,1,2,0,0,37.0,56.0,47.0,0,1,0,0,0,0,0,0,1,0,0,0,1,0,0,1,0,0
456,0,3,1,0,79.0,89.0,89.0,0,1,0,0,0,0,1,0,0,0,1,0,0,0,1,0,0,0
457,1,3,0,0,53.0,54.0,48.0,1,0,0,0,0,0,0,0,1,0,0,0,1,0,0,0,1,0
458,0,4,1,0,100.0,100.0,100.0,0,1,0,0,0,0,0,0,0,1,0,0,0,1,0,0,0,1
459,1,1,1,1,72.0,65.0,68.0,0,0,1,0,0,0,0,0,1,0,0,0,1,0,0,0,1,0
460,1,2,0,0,53.0,58.0,55.0,0,1,0,0,0,0,0,0,1,0,0,0,1,0,0,0,1,0
461,1,1,0,0,54.0,54.0,45.0,0,0,0,0,1,0,0,1,0,0,0,0,1,0,0,0,1,0
462,0,4,1,0,71.0,70.0,76.0,0,0,0,0,1,0,1,0,0,0,0,0,1,0,0,0,1,0
463,0,2,0,0,77.0,90.0,91.0,0,0,0,0,1,0,0,0,0,1,1,0,0,0,1,0,0,0
464,1,0,1,1,75.0,58.0,62.0,0,1,0,0,0,0,0,0,1,0,0,0,1,0,0,0,1,0
465,0,2,1,0,84.0,87.0,91.0,0,0,0,0,1,0,0,0,0,1,1,0,0,0,1,0,0,0
466,0,3,0,0,27.0,31.0,38.0,1,0,0,0,0,0,0,1,0,0,0,1,0,0,0,1,0,0
467,1,0,0,1,72.0,67.0,65.0,0,0,1,0,0,0,0,0,1,0,0,0,1,0,0,0,1,0
468,0,0,0,1,77.0,88.0,85.0,0,0,1,0,0,0,1,0,0,0,1,0,0,0,1,0,0,0
469,1,2,1,0,91.0,74.0,76.0,0,0,0,0,1,0,1,0,0,0,0,0,1,0,0,0,0,1
470,0,2,1,1,83.0,85.0,90.0,1,0,0,0,0,0,1,0,0,0,1,0,0,0,1,0,0,0
471,0,2,1,0,63.0,69.0,74.0,0,0,1,0,0,0,0,0,1,0,0,0,1,0,0,0,1,0
472,0,2,1,1,68.0,86.0,84.0,1,0,0,0,0,0,1,0,0,0,1,0,0,0,0,0,1,0
473,0,3,1,0,59.0,67.0,61.0,0,0,0,0,0,1,0,0,1,0,0,0,1,0,0,0,1,0
474,0,1,1,1,90.0,90.0,91.0,1,0,0,0,0,0,0,0,0,1,1,0,0,0,1,0,0,0
475,0,3,1,1,71.0,76.0,83.0,0,1,0,0,0,0,1,0,0,0,1,0,0,0,0,0,1,0
476,1,4,1,1,76.0,62.0,66.0,0,1,0,0,0,0,0,0,1,0,0,0,1,0,1,0,0,0
477,1,3,1,0,80.0,68.0,72.0,1,0,0,0,0,0,0,0,1,0,0,0,1,0,1,0,0,0
478,0,3,1,0,55.0,64.0,70.0,0,0,0,1,0,0,0,0,1,0,0,0,1,0,0,0,1,0
479,1,4,1,0,76.0,71.0,67.0,1,0,0,0,0,0,0,0,1,0,0,0,1,0,1,0,0,0
480,1,1,1,1,73.0,71.0,68.0,0,0,1,0,0,0,0,0,1,0,0,0,1,0,0,0,1,0
481,0,3,0,0,52.0,59.0,56.0,1,0,0,0,0,0,0,0,1,0,0,0,1,0,0,0,1,0
482,1,2,0,0,68.0,68.0,61.0,0,0,0,0,1,0,0,0,1,0,0,0,1,0,0,0,1,0
483,1,0,1,0,59.0,52.0,46.0,0,0,1,0,0,0,0,0,1,0,0,0,1,0,0,0,1,0
484,0,1,1,0,49.0,52.0,54.0,1,0,0,0,0,0,0,0,1,0,0,0,1,0,0,0,1,0
485,1,2,1,0,70.0,74.0,71.0,0,0,1,0,0,0,0,0,1,0,0,0,1,0,0,0,1,0
486,1,3,0,0,61.0,47.0,56.0,0,0,0,0,1,0,0,0,1,0,0,0,1,0,0,0,1,0
487,0,2,0,0,60.0,75.0,74.0,1,0,0,0,0,0,0,0,1,0,0,0,1,0,0,0,1,0
488,1,1,1,1,64.0,53.0,57.0,0,0,0,0,0,1,0,0,1,0,0,0,1,0,0,0,1,0
489,1,0,0,1,79.0,82.0,82.0,1,0,0,0,0,0,1,0,0,0,1,0,0,0,1,0,0,0
490,0,0,0,0,65.0,85.0,76.0,1,0,0,0,0,0,1,0,0,0,1,0,0,0,0,0,1,0
491,0,2,1,0,64.0,64.0,70.0,1,0,0,0,0,0,0,0,1,0,0,0,1,0,0,0,1,0
492,0,2,1,0,83.0,83.0,90.0,0,0,0,0,1,0,1,0,0,0,1,0,0,0,1,0,0,0
493,0,2,1,0,81.0,88.0,90.0,0,1,0,0,0,0,1,0,0,0,1,0,0,0,1,0,0,0
494,0,1,1,0,54.0,64.0,68.0,0,0,1,0,0,0,0,0,1,0,0,0,1,0,0,0,1,0
495,1,3,1,1,68.0,64.0,66.0,0,0,1,0,0,0,0,0,1,0,0,0,1,0,0,0,1,0
496,0,2,1,0,54.0,48.0,52.0,0,0,0,0,1,0,0,0,1,0,0,0,1,0,0,0,1,0
497,0,3,0,1,59.0,78.0,76.0,0,0,0,0,1,0,1,0,0,0,1,0,0,0,0,0,1,0
498,0,1,1,0,66.0,69.0,68.0,0,0,0,0,0,1,0,0,1,0,0,0,1,0,0,0,1,0
499,1,4,1,0,76.0,71.0,72.0,0,0,0,0,1,0,0,0,1,0,0,0,1,0,1,0,0,0
500,0,3,1,0,74.0,79.0,82.0,0,0,0,1,0,0,1,0,0,0,1,0,0,0,0,0,1,0
501,0,1,1,1,94.0,87.0,92.0,1,0,0,0,0,0,0,0,0,1,1,0,0,0,0,0,0,1
502,1,2,0,0,63.0,61.0,54.0,0,0,0,0,1,0,0,0,1,0,0,0,1,0,0,0,1,0
503,0,4,1,1,95.0,89.0,92.0,1,0,0,0,0,0,0,0,0,1,1,0,0,0,0,0,0,1
504,0,3,0,0,40.0,59.0,54.0,0,0,0,1,0,0,0,0,1,0,0,0,1,0,0,1,0,0
505,0,1,1,0,82.0,82.0,80.0,0,0,0,0,0,1,1,0,0,0,1,0,0,0,1,0,0,0
506,1,0,1,0,68.0,70.0,66.0,0,0,1,0,0,0,0,0,1,0,0,0,1,0,0,0,1,0
507,1,1,0,0,55.0,59.0,54.0,0,1,0,0,0,0,0,0,1,0,0,0,1,0,0,0,1,0
508,1,2,1,0,79.0,78.0,77.0,0,0,0,1,0,0,1,0,0,0,1,0,0,0,1,0,0,0
509,0,2,1,0,86.0,92.0,87.0,0,1,0,0,0,0,1,0,0,0,0,0,0,1,1,0,0,0
510,1,3,1,0,76.0,71.0,73.0,0,0,0,0,1,0,0,0,1,0,0,0,1,0,1,0,0,0
511,1,0,1,0,64.0,50.0,43.0,0,0,0,0,0,1,0,1,0,0,0,0,1,0,0,0,1,0
512,1,3,0,0,62.0,49.0,52.0,0,0,0,0,0,1,0,0,1,0,0,0,1,0,0,0,1,0
513,0,1,1,1,54.0,61.0,62.0,0,0,0,0,0,1,0,0,1,0,0,0,1,0,0,0,1,0
514,0,1,0,1,77.0,97.0,94.0,0,0,0,1,0,0,0,0,0,1,0,0,0,1,1,0,0,0
515,0,2,1,1,76.0,87.0,85.0,0,0,0,0,0,1,1,0,0,0,1,0,0,0,1,0,0,0
516,0,3,1,0,74.0,89.0,84.0,0,0,0,0,1,0,1,0,0,0,1,0,0,0,0,0,1,0
517,0,4,1,1,66.0,74.0,73.0,0,0,0,0,1,0,0,0,1,0,0,0,1,0,0,0,1,0
518,0,3,1,1,66.0,78.0,78.0,0,0,0,0,0,1,1,0,0,0,1,0,0,0,0,0,1,0
519,0,1,0,1,67.0,78.0,79.0,0,0,1,0,0,0,1,0,0,0,1,0,0,0,0,0,1,0
520,1,3,1,0,71.0,49.0,52.0,0,0,0,0,1,0,0,0,1,0,0,0,1,0,0,0,1,0
521,0,2,1,0,91.0,86.0,84.0,1,0,0,0,0,0,1,0,0,0,1,0,0,0,0,0,0,1
522,1,3,1,0,69.0,58.0,57.0,0,1,0,0,0,0,0,0,1,0,0,0,1,0,0,0,1,0
523,1,2,0,0,54.0,59.0,50.0,0,0,0,1,0,0,0,0,1,0,0,0,1,0,0,0,1,0
524,1,2,1,1,53.0,52.0,49.0,0,0,1,0,0,0,0,0,1,0,0,0,1,0,0,0,1,0
525,1,4,1,0,68.0,60.0,59.0,0,0,0,0,1,0,0,0,1,0,0,0,1,0,0,0,1,0
526,1,2,0,1,56.0,61.0,60.0,0,0,0,0,0,1,0,0,1,0,0,0,1,0,0,0,1,0
527,0,2,0,0,36.0,53.0,43.0,0,0,1,0,0,0,0,1,0,0,0,0,1,0,0,1,0,0
528,0,3,0,0,29.0,41.0,47.0,0,1,0,0,0,0,0,0,1,0,0,1,0,0,0,1,0,0
529,0,2,1,0,62.0,74.0,70.0,1,0,0,0,0,0,0,0,1,0,0,0,1,0,0,0,1,0
530,0,2,1,1,68.0,67.0,73.0,1,0,0,0,0,0,0,0,1,0,0,0,1,0,0,0,1,0
531,0,2,1,0,47.0,54.0,53.0,0,0,0,0,0,1,0,0,1,0,0,0,1,0,0,0,1,0
532,1,4,1,1,62.0,61.0,58.0,1,0,0,0,0,0,0,0,1,0,0,0,1,0,0,0,1,0
533,0,4,1,1,79.0,88.0,94.0,1,0,0,0,0,0,0,0,0,1,1,0,0,0,1,0,0,0
534,1,1,1,1,73.0,69.0,68.0,0,0,1,0,0,0,0,0,1,0,0,0,1,0,0,0,1,0
535,0,2,0,1,66.0,83.0,83.0,0,1,0,0,0,0,1,0,0,0,1,0,0,0,0,0,1,0
536,1,2,1,1,51.0,60.0,58.0,1,0,0,0,0,0,0,0,1,0,0,0,1,0,0,0,1,0
537,0,3,1,0,51.0,66.0,62.0,0,0,1,0,0,0,0,0,1,0,0,0,1,0,0,0,1,0
538,1,4,1,1,85.0,66.0,71.0,0,1,0,0,0,0,0,0,1,0,0,0,1,0,1,0,0,0
539,1,0,1,1,97.0,92.0,86.0,1,0,0,0,0,0,1,0,0,0,0,0,0,1,0,0,0,1
540,1,2,1,1,75.0,69.0,68.0,0,0,1,0,0,0,0,0,1,0,0,0,1,0,0,0,1,0
541,1,3,0,1,79.0,82.0,80.0,1,0,0,0,0,0,1,0,0,0,1,0,0,0,1,0,0,0
542,0,2,1,0,81.0,77.0,79.0,1,0,0,0,0,0,1,0,0,0,1,0,0,0,1,0,0,0
543,0,3,1,0,82.0,95.0,89.0,1,0,0,0,0,0,1,0,0,0,0,0,0,1,1,0,0,0
544,0,3,1,0,64.0,63.0,66.0,0,0,0,1,0,0,0,0,1,0,0,0,1,0,0,0,1,0
545,1,4,0,1,78.0,83.0,80.0,0,0,0,0,0,1,1,0,0,0,1,0,0,0,1,0,0,0
546,0,0,1,1,92.0,100.0,97.0,0,0,0,0,0,1,0,0,0,1,0,0,0,1,0,0,0,1
547,1,2,1,1,72.0,67.0,64.0,0,0,1,0,0,0,0,0,1,0,0,0,1,0,0,0,1,0
548,0,2,0,0,62.0,67.0,64.0,0,0,1,0,0,0,0,0,1,0,0,0,1,0,0,0,1,0
549,1,2,1,0,79.0,72.0,69.0,0,0,0,1,0,0,0,0,1,0,0,0,1,0,1,0,0,0
550,1,2,0,0,79.0,76.0,65.0,0,0,0,0,0,1,0,0,1,0,1,0,0,0,1,0,0,0
551,1,1,0,1,87.0,90.0,88.0,0,1,0,0,0,0,1,0,0,0,1,0,0,0,1,0,0,0
552,0,1,1,0,40.0,48.0,50.0,1,0,0,0,0,0,0,0,1,0,0,0,1,0,0,1,0,0
553,1,3,0,0,77.0,62.0,64.0,0,0,0,0,1,0,0,0,1,0,0,0,1,0,1,0,0,0
554,1,4,1,0,53.0,45.0,40.0,1,0,0,0,0,0,0,1,0,0,0,1,0,0,0,0,1,0
555,0,2,0,0,32.0,39.0,33.0,0,0,0,0,1,0,0,1,0,0,0,1,0,0,0,1,0,0
556,0,2,1,1,55.0,72.0,79.0,1,0,0,0,0,0,1,0,0,0,0,0,1,0,0,0,1,0
557,1,2,0,0,61.0,67.0,66.0,0,0,0,1,0,0,0,0,1,0,0,0,1,0,0,0,1,0
558,0,1,0,0,53.0,70.0,70.0,1,0,0,0,0,0,0,0,1,0,0,0,1,0,0,0,1,0
559,1,3,1,0,73.0,66.0,62.0,0,0,0,0,0,1,0,0,1,0,0,0,1,0,0,0,1,0
560,0,3,1,1,74.0,75.0,79.0,0,0,0,0,1,0,1,0,0,0,0,0,1,0,0,0,1,0
561,0,2,1,0,63.0,74.0,74.0,0,0,0,0,1,0,0,0,1,0,0,0,1,0,0,0,1,0
562,1,2,1,1,96.0,90.0,92.0,0,1,0,0,0,0,0,0,0,1,1,0,0,0,0,0,0,1
563,0,3,0,1,63.0,80.0,80.0,0,0,0,0,1,0,1,0,0,0,1,0,0,0,0,0,1,0
564,1,1,0,0,48.0,51.0,46.0,0,1,0,0,0,0,0,0,1,0,0,0,1,0,0,0,1,0
565,1,1,1,0,48.0,43.0,45.0,1,0,0,0,0,0,0,1,0,0,0,1,0,0,0,0,1,0
566,0,4,0,1,92.0,100.0,100.0,0,1,0,0,0,0,0,0,0,1,0,0,0,1,0,0,0,1
567,0,3,0,1,61.0,71.0,78.0,0,0,0,1,0,0,1,0,0,0,0,0,1,0,0,0,1,0
568,1,1,0,0,63.0,48.0,47.0,0,0,1,0,0,0,0,0,1,0,0,0,1,0,0,0,1,0
569,1,3,0,0,68.0,68.0,67.0,0,1,0,0,0,0,0,0,1,0,0,0,1,0,0,0,1,0
570,1,1,1,1,71.0,75.0,70.0,0,0,0,0,1,0,0,0,1,0,0,0,1,0,0,0,1,0
571,1,0,1,0,91.0,96.0,92.0,0,1,0,0,0,0,0,0,0,1,0,0,0,1,0,0,0,1
572,0,2,1,0,53.0,62.0,56.0,0,0,0,0,1,0,0,0,1,0,0,0,1,0,0,0,1,0
573,0,2,0,1,50.0,66.0,64.0,0,0,1,0,0,0,0,0,1,0,0,0,1,0,0,0,1,0
574,0,4,1,0,74.0,81.0,71.0,0,0,1,0,0,0,0,0,1,0,1,0,0,0,0,0,1,0
575,1,0,0,1,40.0,55.0,53.0,1,0,0,0,0,0,0,0,1,0,0,0,1,0,0,1,0,0
576,1,0,1,1,61.0,51.0,52.0,0,0,0,0,1,0,0,0,1,0,0,0,1,0,0,0,1,0
577,0,1,1,0,81.0,91.0,89.0,0,0,1,0,0,0,1,0,0,0,0,0,0,1,1,0,0,0
578,0,1,0,1,48.0,56.0,58.0,0,0,0,0,1,0,0,0,1,0,0,0,1,0,0,0,1,0
579,0,3,1,0,53.0,61.0,68.0,0,0,0,1,0,0,0,0,1,0,0,0,1,0,0,0,1,0
580,0,3,1,0,81.0,97.0,96.0,0,0,0,0,0,1,0,0,0,1,0,0,0,1,1,0,0,0
581,0,4,1,0,77.0,79.0,80.0,0,0,0,0,0,1,1,0,0,0,1,0,0,0,1,0,0,0
582,0,3,0,0,63.0,73.0,78.0,0,1,0,0,0,0,1,0,0,0,0,0,1,0,0,0,1,0
583,0,3,1,1,73.0,75.0,80.0,1,0,0,0,0,0,1,0,0,0,0,0,1,0,0,0,1,0
584,0,3,1,0,69.0,77.0,77.0,0,0,0,0,1,0,1,0,0,0,1,0,0,0,0,0,1,0
585,0,2,1,0,65.0,76.0,76.0,1,0,0,0,0,0,1,0,0,0,1,0,0,0,0,0,1,0
586,0,0,1,0,55.0,73.0,73.0,0,0,1,0,0,0,0,0,1,0,0,0,1,0,0,0,1,0
587,0,2,0,0,44.0,63.0,62.0,0,1,0,0,0,0,0,0,1,0,0,0,1,0,0,1,0,0
588,0,2,1,0,54.0,64.0,65.0,0,0,0,0,1,0,0,0,1,0,0,0,1,0,0,0,1,0
589,0,0,1,0,48.0,66.0,65.0,0,0,0,0,0,1,0,0,1,0,0,0,1,0,0,0,1,0
590,1,2,0,0,58.0,57.0,54.0,0,0,0,0,1,0,0,0,1,0,0,0,1,0,0,0,1,0
591,1,0,1,0,71.0,62.0,50.0,0,0,0,0,0,1,0,0,1,0,0,0,1,0,0,0,1,0
592,1,4,1,0,68.0,68.0,64.0,0,1,0,0,0,0,0,0,1,0,0,0,1,0,0,0,1,0
593,0,4,1,0,74.0,76.0,73.0,0,0,1,0,0,0,0,0,1,0,1,0,0,0,0,0,1,0
594,0,2,1,1,92.0,100.0,99.0,0,1,0,0,0,0,0,0,0,1,0,0,0,1,0,0,0,1
595,0,2,1,1,56.0,79.0,72.0,0,1,0,0,0,0,0,0,1,0,1,0,0,0,0,0,1,0
596,1,1,0,0,30.0,29.0,25.875,0,0,1,0,0,0,0,1,0,0,0,1,0,0,0,1,0,0
597,1,0,1,0,53.0,54.0,48.0,0,0,0,0,0,1,0,0,1,0,0,0,1,0,0,0,1,0
598,0,3,1,0,69.0,77.0,73.0,0,0,1,0,0,0,0,0,1,0,1,0,0,0,0,0,1,0
599,0,3,1,0,65.0,82.0,81.0,0,0,0,0,0,1,1,0,0,0,1,0,0,0,0,0,1,0
600,0,3,1,0,54.0,60.0,63.0,0,0,0,1,0,0,0,0,1,0,0,0,1,0,0,0,1,0
601,0,2,1,0,29.0,29.0,30.0,0,0,1,0,0,0,0,1,0,0,0,1,0,0,0,1,0,0
602,0,4,1,0,76.0,78.0,80.0,0,0,0,0,1,0,1,0,0,0,1,0,0,0,1,0,0,0
603,1,3,0,0,60.0,57.0,51.0,0,0,1,0,0,0,0,0,1,0,0,0,1,0,0,0,1,0
604,1,3,0,1,84.0,89.0,90.0,0,0,0,1,0,0,1,0,0,0,1,0,0,0,1,0,0,0
605,1,2,1,0,75.0,72.0,62.0,0,0,0,0,0,1,0,0,1,0,0,0,1,0,0,0,1,0
606,0,2,1,0,85.0,84.0,82.0,1,0,0,0,0,0,1,0,0,0,1,0,0,0,1,0,0,0
607,0,2,0,0,40.0,58.0,54.0,0,0,0,1,0,0,0,0,1,0,0,0,1,0,0,1,0,0
608,0,4,1,0,61.0,64.0,62.0,0,0,0,0,1,0,0,0,1,0,0,0,1,0,0,0,1,0
609,0,1,1,0,58.0,63.0,65.0,1,0,0,0,0,0,0,0,1,0,0,0,1,0,0,0,1,0
610,1,3,0,1,69.0,60.0,63.0,0,0,0,0,1,0,0,0,1,0,0,0,1,0,0,0,1,0
611,0,2,1,0,58.0,59.0,66.0,0,0,0,0,1,0,0,0,1,0,0,0,1,0,0,0,1,0
612,1,2,1,1,94.0,90.0,91.0,0,1,0,0,0,0,0,0,0,1,1,0,0,0,0,0,0,1
613,0,2,1,0,65.0,77.0,74.0,1,0,0,0,0,0,0,0,1,0,1,0,0,0,0,0,1,0
614,0,0,1,0,82.0,93.0,93.0,1,0,0,0,0,0,0,0,0,1,0,0,0,1,1,0,0,0
615,0,2,1,0,60.0,68.0,72.0,0,0,1,0,0,0,0,0,1,0,0,0,1,0,0,0,1,0
616,0,4,1,0,37.0,45.0,38.0,0,1,0,0,0,0,0,1,0,0,0,1,0,0,0,1,0,0
617,1,3,1,0,88.0,78.0,83.0,0,1,0,0,0,0,1,0,0,0,1,0,0,0,1,0,0,0
618,1,3,1,0,95.0,81.0,84.0,0,0,0,1,0,0,1,0,0,0,1,0,0,0,0,0,0,1
619,1,2,0,1,65.0,73.0,68.0,1,0,0,0,0,0,0,0,1,0,0,0,1,0,0,0,1,0
620,0,2,0,0,35.0,61.0,54.0,0,0,1,0,0,0,0,0,1,0,0,0,1,0,0,1,0,0
621,1,1,0,0,62.0,63.0,56.0,0,1,0,0,0,0,0,0,1,0,0,0,1,0,0,0,1,0
622,1,2,0,1,58.0,51.0,52.0,0,0,1,0,0,0,0,0,1,0,0,0,1,0,0,0,1,0
623,1,0,1,1,100.0,96.0,86.0,0,0,0,0,1,0,1,0,0,0,0,0,0,1,0,0,0,1
624,0,4,0,0,61.0,58.0,62.0,0,1,0,0,0,0,0,0,1,0,0,0,1,0,0,0,1,0
625,1,3,1,1,100.0,97.0,99.0,0,0,0,0,1,0,0,0,0,1,0,0,0,1,0,0,0,1
626,1,1,0,1,69.0,70.0,63.0,1,0,0,0,0,0,0,0,1,0,0,0,1,0,0,0,1,0
627,1,3,1,0,61.0,48.0,46.0,1,0,0,0,0,0,0,0,1,0,0,0,1,0,0,0,1,0
628,1,3,0,0,49.0,57.0,46.0,0,0,0,0,1,0,0,0,1,0,0,0,1,0,0,0,1,0
629,0,2,1,1,44.0,51.0,55.0,0,0,0,0,0,1,0,0,1,0,0,0,1,0,0,1,0,0
630,1,3,1,0,67.0,64.0,70.0,0,0,0,0,1,0,0,0,1,0,0,0,1,0,0,0,1,0
631,1,1,1,0,79.0,60.0,65.0,0,0,1,0,0,0,0,0,1,0,0,0,1,0,1,0,0,0
632,0,1,1,1,66.0,74.0,81.0,0,1,0,0,0,0,1,0,0,0,0,0,1,0,0,0,1,0
633,0,2,1,0,75.0,88.0,85.0,0,0,1,0,0,0,1,0,0,0,1,0,0,0,0,0,1,0
634,1,3,1,0,84.0,84.0,80.0,0,0,0,0,0,1,1,0,0,0,1,0,0,0,1,0,0,0
635,1,0,1,0,71.0,74.0,64.0,0,0,1,0,0,0,0,0,1,0,0,0,1,0,0,0,1,0
636,0,1,0,1,67.0,80.0,81.0,0,0,1,0,0,0,1,0,0,0,1,0,0,0,0,0,1,0
637,0,3,1,1,80.0,92.0,88.0,0,0,0,0,0,1,1,0,0,0,0,0,0,1,1,0,0,0
638,1,4,1,0,86.0,76.0,74.0,0,0,0,0,1,0,0,0,1,0,1,0,0,0,1,0,0,0
639,0,3,1,0,76.0,74.0,73.0,1,0,0,0,0,0,0,0,1,0,0,0,1,0,1,0,0,0
640,1,3,1,0,41.0,52.0,51.0,0,0,1,0,0,0,0,0,1,0,0,0,1,0,0,1,0,0
641,0,3,0,1,74.0,88.0,90.0,1,0,0,0,0,0,1,0,0,0,1,0,0,0,0,0,1,0
642,0,1,0,0,72.0,81.0,79.0,0,0,0,0,0,1,1,0,0,0,1,0,0,0,0,0,1,0
643,0,4,1,1,74.0,79.0,80.0,0,0,1,0,0,0,1,0,0,0,1,0,0,0,0,0,1,0
644,1,1,1,0,70.0,65.0,60.0,0,0,1,0,0,0,0,0,1,0,0,0,1,0,0,0,1,0
645,0,1,1,1,65.0,81.0,81.0,0,1,0,0,0,0,1,0,0,0,1,0,0,0,0,0,1,0
646,0,3,1,0,59.0,70.0,65.0,1,0,0,0,0,0,0,0,1,0,0,0,1,0,0,0,1,0
647,0,4,0,0,64.0,62.0,68.0,0,0,1,0,0,0,0,0,1,0,0,0,1,0,0,0,1,0
648,0,1,1,0,50.0,53.0,55.0,0,0,1,0,0,0,0,0,1,0,0,0,1,0,0,0,1,0
649,0,3,1,1,69.0,79.0,81.0,0,0,0,0,1,0,1,0,0,0,1,0,0,0,0,0,1,0
650,1,2,0,1,51.0,56.0,53.0,0,0,0,0,0,1,0,0,1,0,0,0,1,0,0,0,1,0
651,0,0,1,1,68.0,80.0,76.0,0,0,1,0,0,0,1,0,0,0,1,0,0,0,0,0,1,0
652,0,3,1,1,85.0,86.0,98.0,0,0,0,0,1,0,0,0,0,1,1,0,0,0,1,0,0,0
653,0,0,1,1,65.0,70.0,74.0,1,0,0,0,0,0,0,0,1,0,0,0,1,0,0,0,1,0
654,0,1,1,0,73.0,79.0,79.0,0,0,0,0,0,1,1,0,0,0,1,0,0,0,0,0,1,0
655,0,1,1,0,62.0,67.0,67.0,0,0,0,0,1,0,0,0,1,0,0,0,1,0,0,0,1,0
656,1,2,0,0,77.0,67.0,64.0,1,0,0,0,0,0,0,0,1,0,0,0,1,0,1,0,0,0
657,1,3,1,0,69.0,66.0,61.0,0,0,0,0,0,1,0,0,1,0,0,0,1,0,0,0,1,0
658,0,3,0,0,43.0,60.0,58.0,1,0,0,0,0,0,0,0,1,0,0,0,1,0,0,1,0,0
659,1,3,1,0,90.0,87.0,85.0,1,0,0,0,0,0,1,0,0,0,1,0,0,0,1,0,0,0
660,1,2,0,0,74.0,77.0,73.0,0,0,0,0,1,0,0,0,1,0,1,0,0,0,0,0,1,0
661,1,2,1,0,73.0,66.0,63.0,0,0,0,0,0,1,0,0,1,0,0,0,1,0,0,0,1,0
662,0,3,0,0,55.0,71.0,69.0,0,0,0,0,1,0,0,0,1,0,0,0,1,0,0,0,1,0
663,0,2,1,0,65.0,69.0,67.0,0,0,1,0,0,0,0,0,1,0,0,0,1,0,0,0,1,0
664,1,3,1,0,80.0,63.0,63.0,1,0,0,0,0,0,0,0,1,0,0,0,1,0,1,0,0,0
665,0,2,0,1,50.0,60.0,60.0,0,0,0,0,0,1,0,0,1,0,0,0,1,0,0,0,1,0
666,0,2,0,1,63.0,73.0,71.0,0,0,0,0,1,0,0,0,1,0,0,0,1,0,0,0,1,0
667,0,1,0,0,77.0,85.0,87.0,0,1,0,0,0,0,1,0,0,0,1,0,0,0,1,0,0,0
668,1,2,1,0,73.0,74.0,61.0,0,0,0,0,1,0,0,0,1,0,0,0,1,0,0,0,1,0
669,1,3,1,1,81.0,72.0,77.0,1,0,0,0,0,0,1,0,0,0,0,0,1,0,1,0,0,0
670,0,2,0,0,66.0,76.0,68.0,0,0,1,0,0,0,0,0,1,0,1,0,0,0,0,0,1,0
671,1,3,0,0,52.0,57.0,50.0,1,0,0,0,0,0,0,0,1,0,0,0,1,0,0,0,1,0
672,0,2,1,0,69.0,78.0,76.0,0,0,0,0,1,0,1,0,0,0,1,0,0,0,0,0,1,0
673,0,2,1,1,65.0,84.0,84.0,1,0,0,0,0,0,1,0,0,0,1,0,0,0,0,0,1,0
674,0,3,1,1,69.0,77.0,78.0,0,0,1,0,0,0,1,0,0,0,1,0,0,0,0,0,1,0
675,0,1,1,1,50.0,64.0,66.0,0,0,0,0,1,0,0,0,1,0,0,0,1,0,0,0,1,0
676,0,4,1,1,73.0,78.0,76.0,0,0,0,0,1,0,1,0,0,0,1,0,0,0,0,0,1,0
677,0,2,1,1,70.0,82.0,76.0,0,0,0,0,0,1,1,0,0,0,1,0,0,0,0,0,1,0
678,1,3,0,0,81.0,75.0,78.0,1,0,0,0,0,0,1,0,0,0,0,0,1,0,1,0,0,0
679,1,3,0,0,63.0,61.0,60.0,0,0,0,0,1,0,0,0,1,0,0,0,1,0,0,0,1,0
680,0,3,1,0,67.0,72.0,74.0,0,0,1,0,0,0,0,0,1,0,0,0,1,0,0,0,1,0
681,1,1,1,0,60.0,68.0,60.0,0,0,1,0,0,0,0,0,1,0,0,0,1,0,0,0,1,0
682,1,1,1,0,62.0,55.0,54.0,0,0,1,0,0,0,0,0,1,0,0,0,1,0,0,0,1,0
683,0,2,0,1,29.0,40.0,44.0,0,0,0,0,0,1,0,1,0,0,0,1,0,0,0,1,0,0
684,1,1,1,1,62.0,66.0,68.0,0,0,0,0,1,0,0,0,1,0,0,0,1,0,0,0,1,0
685,0,4,1,1,94.0,99.0,100.0,0,0,0,1,0,0,0,0,0,1,0,0,0,1,0,0,0,1
686,1,4,1,1,85.0,75.0,68.0,0,0,0,0,1,0,0,0,1,0,0,0,1,0,1,0,0,0
687,1,3,0,0,77.0,78.0,73.0,1,0,0,0,0,0,0,0,1,0,1,0,0,0,1,0,0,0
688,1,0,0,0,53.0,58.0,44.0,0,0,1,0,0,0,0,1,0,0,0,0,1,0,0,0,1,0
689,1,4,0,0,93.0,90.0,83.0,0,0,0,0,1,0,1,0,0,0,1,0,0,0,0,0,0,1
690,0,2,1,0,49.0,53.0,53.0,1,0,0,0,0,0,0,0,1,0,0,0,1,0,0,0,1,0
691,0,4,0,0,73.0,76.0,78.0,1,0,0,0,0,0,1,0,0,0,1,0,0,0,0,0,1,0
692,0,2,0,1,66.0,74.0,81.0,0,1,0,0,0,0,1,0,0,0,0,0,1,0,0,0,1,0
693,0,3,1,0,77.0,77.0,73.0,1,0,0,0,0,0,0,0,1,0,1,0,0,0,1,0,0,0
694,0,2,1,0,49.0,63.0,56.0,0,0,0,0,0,1,0,0,1,0,0,0,1,0,0,0,1,0
695,0,3,0,0,79.0,89.0,86.0,0,0,0,0,1,0,1,0,0,0,1,0,0,0,1,0,0,0
696,0,2,1,1,75.0,82.0,90.0,1,0,0,0,0,0,1,0,0,0,1,0,0,0,0,0,1,0
697,0,0,1,0,59.0,72.0,70.0,0,1,0,0,0,0,0,0,1,0,0,0,1,0,0,0,1,0
698,0,3,1,1,57.0,78.0,79.0,1,0,0,0,0,0,1,0,0,0,1,0,0,0,0,0,1,0
699,1,2,0,0,66.0,66.0,59.0,0,0,1,0,0,0,0,0,1,0,0,0,1,0,0,0,1,0
700,0,4,1,1,79.0,81.0,82.0,0,1,0,0,0,0,1,0,0,0,1,0,0,0,1,0,0,0
701,0,1,1,0,57.0,67.0,72.0,0,0,0,0,0,1,0,0,1,0,0,0,1,0,0,0,1,0
702,1,0,1,1,87.0,84.0,87.0,0,1,0,0,0,0,1,0,0,0,1,0,0,0,1,0,0,0
703,0,3,1,0,63.0,64.0,67.0,0,0,0,0,1,0,0,0,1,0,0,0,1,0,0,0,1,0
704,0,1,0,1,59.0,63.0,64.0,0,0,0,0,0,1,0,0,1,0,0,0,1,0,0,0,1,0
705,1,0,0,0,62.0,72.0,65.0,0,1,0,0,0,0,0,0,1,0,0,0,1,0,0,0,1,0
706,1,3,1,0,46.0,34.0,36.0,0,0,1,0,0,0,0,1,0,0,0,1,0,0,0,0,1,0
707,1,2,1,0,66.0,59.0,52.0,0,0,0,0,1,0,0,0,1,0,0,0,1,0,0,0,1,0
708,1,3,1,0,89.0,87.0,79.0,0,0,1,0,0,0,1,0,0,0,1,0,0,0,1,0,0,0
709,0,3,0,1,42.0,61.0,58.0,1,0,0,0,0,0,0,0,1,0,0,0,1,0,0,1,0,0
710,1,2,1,1,93.0,84.0,90.0,0,0,0,0,1,0,1,0,0,0,1,0,0,0,0,0,0,1
711,0,4,1,1,80.0,85.0,85.0,0,0,0,0,0,1,1,0,0,0,1,0,0,0,1,0,0,0
712,0,3,1,0,98.0,100.0,99.0,0,0,0,0,1,0,0,0,0,1,0,0,0,1,0,0,0,1
713,1,3,1,0,81.0,81.0,84.0,0,0,0,1,0,0,1,0,0,0,1,0,0,0,1,0,0,0
714,0,1,1,1,60.0,70.0,74.0,0,0,0,0,0,1,0,0,1,0,0,0,1,0,0,0,1,0
715,0,1,0,1,76.0,94.0,87.0,1,0,0,0,0,0,1,0,0,0,0,0,0,1,1,0,0,0
716,1,2,1,1,73.0,78.0,72.0,1,0,0,0,0,0,0,0,1,0,1,0,0,0,0,0,1,0
717,0,2,1,1,96.0,96.0,99.0,1,0,0,0,0,0,0,0,0,1,0,0,0,1,0,0,0,1
718,0,2,1,0,76.0,76.0,74.0,0,0,1,0,0,0,0,0,1,0,1,0,0,0,1,0,0,0
719,1,4,0,1,91.0,73.0,80.0,1,0,0,0,0,0,1,0,0,0,0,0,1,0,0,0,0,1
720,0,2,0,0,62.0,72.0,70.0,0,0,0,0,1,0,0,0,1,0,0,0,1,0,0,0,1,0
721,1,3,0,1,55.0,59.0,59.0,0,0,0,0,0,1,0,0,1,0,0,0,1,0,0,0,1,0
722,0,1,0,1,74.0,90.0,88.0,0,0,0,0,0,1,1,0,0,0,1,0,0,0,0,0,1,0
723,1,2,1,0,50.0,48.0,42.0,0,0,1,0,0,0,0,1,0,0,0,0,1,0,0,0,1,0
724,1,1,1,0,47.0,43.0,41.0,0,0,0,0,1,0,0,1,0,0,0,1,0,0,0,0,1,0
725,1,4,1,1,81.0,74.0,71.0,0,0,0,0,1,0,0,0,1,0,0,0,1,0,1,0,0,0
726,0,4,1,1,65.0,75.0,77.0,1,0,0,0,0,0,1,0,0,0,0,0,1,0,0,0,1,0
727,1,4,1,1,68.0,51.0,57.0,0,0,0,0,0,1,0,0,1,0,0,0,1,0,0,0,1,0
728,0,3,0,0,73.0,92.0,84.0,0,0,1,0,0,0,1,0,0,0,0,0,0,1,0,0,1,0
729,1,2,1,0,53.0,39.0,37.0,0,0,0,0,1,0,0,1,0,0,0,1,0,0,0,0,1,0
730,0,1,0,1,68.0,77.0,80.0,1,0,0,0,0,0,1,0,0,0,1,0,0,0,0,0,1,0
731,1,0,0,0,55.0,46.0,43.0,0,0,0,0,0,1,0,1,0,0,0,0,1,0,0,0,1,0
732,0,2,1,1,87.0,89.0,94.0,0,0,0,0,1,0,0,0,0,1,1,0,0,0,1,0,0,0
733,1,3,1,0,55.0,47.0,44.0,0,0,0,0,0,1,0,1,0,0,0,0,1,0,0,0,1,0
734,0,4,0,0,53.0,58.0,57.0,0,0,0,0,1,0,0,0,1,0,0,0,1,0,0,0,1,0
735,1,2,1,0,67.0,57.0,59.0,0,0,0,1,0,0,0,0,1,0,0,0,1,0,0,0,1,0
736,1,2,1,0,92.0,79.0,84.0,1,0,0,0,0,0,1,0,0,0,1,0,0,0,0,0,0,1
737,0,1,0,1,53.0,66.0,73.0,0,0,0,0,1,0,0,0,1,0,0,0,1,0,0,0,1,0
738,1,3,1,0,81.0,71.0,73.0,1,0,0,0,0,0,0,0,1,0,0,0,1,0,1,0,0,0
739,1,2,0,0,61.0,60.0,55.0,0,0,1,0,0,0,0,0,1,0,0,0,1,0,0,0,1,0
740,1,3,1,0,80.0,73.0,72.0,0,1,0,0,0,0,0,0,1,0,0,0,1,0,1,0,0,0
741,0,0,0,0,37.0,57.0,56.0,1,0,0,0,0,0,0,0,1,0,0,0,1,0,0,1,0,0
742,0,2,1,0,81.0,84.0,82.0,0,0,1,0,0,0,1,0,0,0,1,0,0,0,1,0,0,0
743,0,2,1,1,59.0,73.0,72.0,1,0,0,0,0,0,0,0,1,0,0,0,1,0,0,0,1,0
744,1,1,0,0,55.0,55.0,47.0,0,0,0,0,1,0,0,0,1,0,0,0,1,0,0,0,1,0
745,1,3,1,0,72.0,79.0,74.0,1,0,0,0,0,0,0,0,1,0,1,0,0,0,0,0,1,0
746,1,3,1,0,69.0,75.0,71.0,0,0,1,0,0,0,0,0,1,0,0,0,1,0,0,0,1,0
747,1,2,1,0,69.0,64.0,68.0,0,0,0,0,1,0,0,0,1,0,0,0,1,0,0,0,1,0
748,0,2,0,0,50.0,60.0,59.0,0,1,0,0,0,0,0,0,1,0,0,0,1,0,0,0,1,0
749,1,1,1,1,87.0,84.0,86.0,0,0,0,0,1,0,1,0,0,0,1,0,0,0,1,0,0,0
750,1,3,1,1,71.0,69.0,68.0,0,0,0,0,0,1,0,0,1,0,0,0,1,0,0,0,1,0
751,1,4,1,0,68.0,72.0,65.0,0,0,0,0,1,0,0,0,1,0,0,0,1,0,0,0,1,0
752,1,2,0,1,79.0,77.0,75.0,0,0,0,1,0,0,0,0,1,0,1,0,0,0,1,0,0,0
753,0,2,1,1,77.0,90.0,85.0,0,0,0,0,0,1,1,0,0,0,1,0,0,0,1,0,0,0
754,1,2,0,0,58.0,55.0,53.0,1,0,0,0,0,0,0,0,1,0,0,0,1,0,0,0,1,0
755,0,4,1,0,84.0,95.0,92.0,1,0,0,0,0,0,0,0,0,1,0,0,0,1,1,0,0,0
756,1,3,1,0,55.0,58.0,52.0,0,0,0,0,1,0,0,0,1,0,0,0,1,0,0,0,1,0
757,1,4,0,1,70.0,68.0,72.0,0,1,0,0,0,0,0,0,1,0,0,0,1,0,0,0,1,0
758,0,3,0,1,52.0,59.0,65.0,0,0,0,0,1,0,0,0,1,0,0,0,1,0,0,0,1,0
759,1,1,1,1,69.0,77.0,77.0,0,0,0,0,1,0,1,0,0,0,1,0,0,0,0,0,1,0
760,0,2,0,0,53.0,72.0,64.0,0,0,1,0,0,0,0,0,1,0,0,0,1,0,0,0,1,0
761,0,3,1,0,48.0,58.0,54.0,0,0,0,0,0,1,0,0,1,0,0,0,1,0,0,0,1,0
762,1,3,1,1,78.0,81.0,86.0,0,0,0,0,0,1,1,0,0,0,1,0,0,0,1,0,0,0
763,0,1,1,0,62.0,62.0,63.0,0,0,1,0,0,0,0,0,1,0,0,0,1,0,0,0,1,0
764,1,3,1,0,60.0,63.0,59.0,0,0,0,0,1,0,0,0,1,0,0,0,1,0,0,0,1,0
765,0,1,1,0,74.0,72.0,72.0,0,0,1,0,0,0,0,0,1,0,0,0,1,0,0,0,1,0
766,0,2,1,1,58.0,75.0,77.0,0,0,1,0,0,0,1,0,0,0,0,0,1,0,0,0,1,0
767,1,1,1,1,76.0,62.0,60.0,0,0,1,0,0,0,0,0,1,0,0,0,1,0,1,0,0,0
768,0,3,1,0,68.0,71.0,75.0,0,0,0,0,0,1,0,0,1,0,0,0,1,0,0,0,1,0
769,1,0,0,0,58.0,60.0,57.0,0,0,0,0,1,0,0,0,1,0,0,0,1,0,0,0,1,0
770,1,1,1,0,52.0,48.0,49.0,0,0,1,0,0,0,0,0,1,0,0,0,1,0,0,0,1,0
771,1,3,1,0,75.0,73.0,74.0,0,1,0,0,0,0,0,0,1,0,0,0,1,0,0,0,1,0
772,0,1,0,1,52.0,67.0,72.0,0,0,0,0,0,1,0,0,1,0,0,0,1,0,0,0,1,0
773,0,2,0,0,62.0,78.0,79.0,0,1,0,0,0,0,1,0,0,0,1,0,0,0,0,0,1,0
774,1,1,1,0,66.0,65.0,60.0,0,0,0,0,1,0,0,0,1,0,0,0,1,0,0,0,1,0
775,0,1,0,0,49.0,58.0,55.0,0,0,0,0,0,1,0,0,1,0,0,0,1,0,0,0,1,0
776,0,1,1,0,66.0,72.0,70.0,0,0,1,0,0,0,0,0,1,0,0,0,1,0,0,0,1,0
777,0,2,0,0,35.0,44.0,43.0,0,0,0,0,1,0,0,1,0,0,0,1,0,0,0,1,0,0
778,0,0,1,1,72.0,79.0,82.0,0,0,0,0,1,0,1,0,0,0,1,0,0,0,0,0,1,0
779,1,4,1,1,94.0,85.0,82.0,1,0,0,0,0,0,1,0,0,0,1,0,0,0,0,0,0,1
780,0,3,0,0,46.0,56.0,57.0,1,0,0,0,0,0,0,0,1,0,0,0,1,0,0,0,1,0
781,0,1,1,0,77.0,90.0,84.0,0,0,0,1,0,0,1,0,0,0,1,0,0,0,1,0,0,0
782,0,1,0,1,76.0,85.0,82.0,0,0,1,0,0,0,1,0,0,0,1,0,0,0,1,0,0,0
783,0,2,1,1,52.0,59.0,62.0,1,0,0,0,0,0,0,0,1,0,0,0,1,0,0,0,1,0
784,1,2,1,1,91.0,81.0,79.0,0,1,0,0,0,0,1,0,0,0,1,0,0,0,0,0,0,1
785,0,1,1,1,32.0,51.0,44.0,0,0,0,0,0,1,0,1,0,0,0,0,1,0,0,1,0,0
786,0,4,0,0,72.0,79.0,77.0,0,0,0,0,0,1,1,0,0,0,1,0,0,0,0,0,1,0
787,0,1,1,0,27.0,38.0,32.0,0,0,0,0,1,0,0,1,0,0,0,1,0,0,0,1,0,0
788,1,2,0,0,68.0,65.0,61.0,1,0,0,0,0,0,0,0,1,0,0,0,1,0,0,0,1,0
789,0,2,0,0,52.0,65.0,61.0,0,0,0,1,0,0,0,0,1,0,0,0,1,0,0,0,1,0
790,0,1,1,0,48.0,62.0,60.0,0,0,1,0,0,0,0,0,1,0,0,0,1,0,0,0,1,0
791,0,3,0,0,60.0,66.0,70.0,0,0,0,0,1,0,0,0,1,0,0,0,1,0,0,0,1,0
792,1,3,0,0,66.0,74.0,69.0,0,0,1,0,0,0,0,0,1,0,0,0,1,0,0,0,1,0
793,1,4,1,1,89.0,84.0,77.0,0,0,0,0,0,1,1,0,0,0,1,0,0,0,1,0,0,0
794,0,1,1,0,42.0,52.0,51.0,0,0,1,0,0,0,0,0,1,0,0,0,1,0,0,1,0,0
795,0,4,0,1,57.0,68.0,73.0,1,0,0,0,0,0,0,0,1,0,0,0,1,0,0,0,1,0
796,1,3,1,0,70.0,70.0,70.0,0,0,1,0,0,0,0,0,1,0,0,0,1,0,0,0,1,0
797,0,4,0,0,70.0,84.0,81.0,1,0,0,0,0,0,1,0,0,0,1,0,0,0,0,0,1,0
798,1,4,1,0,69.0,60.0,54.0,0,0,0,0,1,0,0,0,1,0,0,0,1,0,0,0,1,0
799,0,2,1,0,52.0,55.0,57.0,1,0,0,0,0,0,0,0,1,0,0,0,1,0,0,0,1,0
800,1,2,1,1,67.0,73.0,68.0,0,0,0,0,0,1,0,0,1,0,0,0,1,0,0,0,1,0
801,1,2,1,1,76.0,80.0,73.0,0,0,0,0,0,1,0,0,1,0,1,0,0,0,1,0,0,0
802,0,4,1,0,87.0,94.0,95.0,1,0,0,0,0,0,0,0,0,1,0,0,0,1,1,0,0,0
803,0,1,1,0,82.0,85.0,87.0,0,0,0,0,1,0,1,0,0,0,1,0,0,0,1,0,0,0
804,0,2,1,0,73.0,76.0,78.0,0,0,0,0,1,0,1,0,0,0,1,0,0,0,0,0,1,0
805,1,0,0,0,75.0,81.0,74.0,0,0,0,0,1,0,0,0,1,0,1,0,0,0,0,0,1,0
806,0,3,0,0,64.0,74.0,75.0,0,0,0,0,1,0,0,0,1,0,0,0,1,0,0,0,1,0
807,0,4,0,0,41.0,45.0,40.0,0,0,1,0,0,0,0,1,0,0,0,1,0,0,0,1,0,0
808,1,2,1,0,90.0,75.0,69.0,0,0,1,0,0,0,0,0,1,0,0,0,1,0,1,0,0,0
809,1,1,1,0,59.0,54.0,51.0,0,1,0,0,0,0,0,0,1,0,0,0,1,0,0,0,1,0
810,1,0,1,0,51.0,31.0,36.0,0,0,0,0,0,1,0,1,0,0,0,1,0,0,0,0,1,0
811,1,0,0,0,45.0,47.0,49.0,0,0,1,0,0,0,0,0,1,0,0,0,1,0,0,1,0,0
812,0,2,1,1,54.0,64.0,67.0,0,0,0,1,0,0,0,0,1,0,0,0,1,0,0,0,1,0
813,1,4,1,1,87.0,84.0,76.0,0,0,0,0,0,1,1,0,0,0,1,0,0,0,1,0,0,0
814,0,2,1,0,72.0,80.0,83.0,0,0,1,0,0,0,1,0,0,0,1,0,0,0,0,0,1,0
815,1,1,1,1,94.0,86.0,87.0,0,0,0,0,0,1,1,0,0,0,1,0,0,0,0,0,0,1
816,0,0,1,0,45.0,59.0,64.0,0,1,0,0,0,0,0,0,1,0,0,0,1,0,0,1,0,0
817,1,3,0,1,61.0,70.0,76.0,0,1,0,0,0,0,1,0,0,0,0,0,1,0,0,0,1,0
818,0,1,0,0,60.0,72.0,68.0,0,0,1,0,0,0,0,0,1,0,0,0,1,0,0,0,1,0
819,0,2,1,0,77.0,91.0,88.0,0,0,0,0,0,1,1,0,0,0,0,0,0,1,1,0,0,0
820,0,0,1,1,85.0,90.0,92.0,0,0,0,0,0,1,0,0,0,1,1,0,0,0,1,0,0,0
821,0,3,0,0,78.0,90.0,93.0,0,1,0,0,0,0,0,0,0,1,1,0,0,0,1,0,0,0
822,1,4,0,1,49.0,52.0,51.0,0,0,0,0,1,0,0,0,1,0,0,0,1,0,0,0,1,0
823,0,1,0,0,71.0,87.0,82.0,0,0,1,0,0,0,1,0,0,0,1,0,0,0,0,0,1,0
824,0,2,0,0,48.0,58.0,52.0,0,0,0,0,0,1,0,0,1,0,0,0,1,0,0,0,1,0
825,1,2,1,0,62.0,67.0,58.0,0,0,1,0,0,0,0,0,1,0,0,0,1,0,0,0,1,0
826,0,2,0,1,56.0,68.0,70.0,1,0,0,0,0,0,0,0,1,0,0,0,1,0,0,0,1,0
827,0,2,1,0,65.0,69.0,76.0,0,0,0,0,0,1,1,0,0,0,0,0,1,0,0,0,1,0
828,0,3,0,1,69.0,86.0,81.0,0,0,0,0,0,1,1,0,0,0,1,0,0,0,0,0,1,0
829,1,1,1,0,68.0,54.0,53.0,0,0,0,0,0,1,0,0,1,0,0,0,1,0,0,0,1,0
830,0,0,0,0,61.0,60.0,57.0,0,0,0,0,1,0,0,0,1,0,0,0,1,0,0,0,1,0
831,0,2,0,1,74.0,86.0,89.0,0,1,0,0,0,0,1,0,0,0,1,0,0,0,0,0,1,0
832,1,0,1,0,64.0,60.0,58.0,0,1,0,0,0,0,0,0,1,0,0,0,1,0,0,0,1,0
833,0,1,1,1,77.0,82.0,89.0,0,0,1,0,0,0,1,0,0,0,1,0,0,0,1,0,0,0
834,1,1,1,0,58.0,50.0,45.0,0,0,0,0,1,0,0,1,0,0,0,0,1,0,0,0,1,0
835,0,2,1,1,60.0,64.0,74.0,0,0,1,0,0,0,0,0,1,0,0,0,1,0,0,0,1,0
836,1,4,1,0,73.0,64.0,57.0,0,0,1,0,0,0,0,0,1,0,0,0,1,0,0,0,1,0
837,0,0,1,1,75.0,82.0,79.0,0,0,1,0,0,0,1,0,0,0,1,0,0,0,0,0,1,0
838,1,1,0,1,58.0,57.0,53.0,1,0,0,0,0,0,0,0,1,0,0,0,1,0,0,0,1,0
839,0,2,1,0,66.0,77.0,73.0,1,0,0,0,0,0,0,0,1,0,1,0,0,0,0,0,1,0
840,0,3,0,0,39.0,52.0,46.0,0,0,1,0,0,0,0,0,1,0,0,0,1,0,0,1,0,0
841,1,2,1,0,64.0,58.0,51.0,0,0,0,0,0,1,0,0,1,0,0,0,1,0,0,0,1,0
842,0,1,0,1,27.0,44.0,36.0,0,0,1,0,0,0,0,1,0,0,0,1,0,0,0,1,0,0
843,1,1,0,1,74.0,77.0,76.0,0,0,0,0,1,0,1,0,0,0,1,0,0,0,0,0,1,0
844,0,3,0,1,40.0,65.0,64.0,0,0,0,0,0,1,0,0,1,0,0,0,1,0,0,1,0,0
845,1,4,1,0,90.0,85.0,84.0,0,0,0,1,0,0,1,0,0,0,1,0,0,0,1,0,0,0
846,1,2,1,1,91.0,85.0,85.0,0,0,0,1,0,0,1,0,0,0,1,0,0,0,0,0,0,1
847,1,3,1,0,64.0,54.0,50.0,0,0,1,0,0,0,0,0,1,0,0,0,1,0,0,0,1,0
848,0,2,1,0,59.0,72.0,68.0,0,0,1,0,0,0,0,0,1,0,0,0,1,0,0,0,1,0
849,1,3,1,0,80.0,75.0,69.0,1,0,0,0,0,0,0,0,1,0,0,0,1,0,1,0,0,0
850,1,2,1,0,71.0,67.0,67.0,0,0,0,1,0,0,0,0,1,0,0,0,1,0,0,0,1,0
851,0,0,1,0,61.0,68.0,63.0,0,0,1,0,0,0,0,0,1,0,0,0,1,0,0,0,1,0
852,0,4,1,0,87.0,85.0,93.0,0,0,0,0,1,0,0,0,0,1,1,0,0,0,1,0,0,0
853,1,4,1,0,82.0,67.0,61.0,0,0,0,0,0,1,0,0,1,0,0,0,1,0,1,0,0,0
854,1,2,1,0,62.0,64.0,55.0,0,0,0,0,0,1,0,0,1,0,0,0,1,0,0,0,1,0
855,0,1,1,0,97.0,97.0,96.0,0,1,0,0,0,0,0,0,0,1,0,0,0,1,0,0,0,1
856,1,1,0,0,75.0,68.0,65.0,0,0,0,0,1,0,0,0,1,0,0,0,1,0,0,0,1,0
857,0,2,1,0,65.0,79.0,81.0,0,1,0,0,0,0,1,0,0,0,1,0,0,0,0,0,1,0
858,1,1,1,1,52.0,49.0,46.0,0,0,1,0,0,0,0,0,1,0,0,0,1,0,0,0,1,0
859,1,2,0,0,87.0,73.0,72.0,1,0,0,0,0,0,0,0,1,0,0,0,1,0,1,0,0,0
860,0,2,1,0,53.0,62.0,53.0,1,0,0,0,0,0,0,0,1,0,0,0,1,0,0,0,1,0
861,0,4,0,0,81.0,86.0,87.0,0,0,0,1,0,0,1,0,0,0,1,0,0,0,1,0,0,0
862,1,3,0,1,39.0,42.0,38.0,0,1,0,0,0,0,0,1,0,0,0,1,0,0,0,1,0,0
863,0,2,1,1,71.0,71.0,80.0,0,0,0,0,1,0,1,0,0,0,0,0,1,0,0,0,1,0
864,1,2,1,0,97.0,93.0,91.0,1,0,0,0,0,0,0,0,0,1,0,0,0,1,0,0,0,1
865,1,3,1,1,82.0,82.0,88.0,0,0,0,0,1,0,1,0,0,0,1,0,0,0,1,0,0,0
866,1,2,0,0,59.0,53.0,52.0,0,0,1,0,0,0,0,0,1,0,0,0,1,0,0,0,1,0
867,1,1,1,0,61.0,42.0,41.0,1,0,0,0,0,0,0,1,0,0,0,1,0,0,0,0,1,0
868,1,4,0,1,78.0,74.0,72.0,1,0,0,0,0,0,0,0,1,0,0,0,1,0,1,0,0,0
869,1,2,0,0,49.0,51.0,51.0,1,0,0,0,0,0,0,0,1,0,0,0,1,0,0,0,1,0
870,1,1,1,0,59.0,58.0,47.0,0,0,1,0,0,0,0,0,1,0,0,0,1,0,0,0,1,0
871,0,2,1,1,70.0,72.0,76.0,0,0,0,0,1,0,1,0,0,0,0,0,1,0,0,0,1,0
872,1,1,1,1,82.0,84.0,78.0,1,0,0,0,0,0,1,0,0,0,1,0,0,0,1,0,0,0
873,1,4,0,0,90.0,90.0,82.0,1,0,0,0,0,0,1,0,0,0,1,0,0,0,1,0,0,0
874,0,2,0,0,43.0,62.0,61.0,0,1,0,0,0,0,0,0,1,0,0,0,1,0,0,1,0,0
875,1,2,0,0,80.0,64.0,66.0,0,0,0,0,1,0,0,0,1,0,0,0,1,0,1,0,0,0
876,1,3,1,0,81.0,82.0,84.0,0,0,0,0,1,0,1,0,0,0,1,0,0,0,1,0,0,0
877,1,2,1,0,57.0,61.0,54.0,0,0,0,0,0,1,0,0,1,0,0,0,1,0,0,0,1,0
878,0,3,1,0,59.0,72.0,80.0,0,0,0,0,0,1,1,0,0,0,0,0,1,0,0,0,1,0
879,0,3,1,0,64.0,76.0,74.0,1,0,0,0,0,0,0,0,1,0,1,0,0,0,0,0,1,0
880,1,2,1,1,63.0,64.0,66.0,0,1,0,0,0,0,0,0,1,0,0,0,1,0,0,0,1,0
881,0,4,1,1,71.0,70.0,70.0,0,1,0,0,0,0,0,0,1,0,0,0,1,0,0,0,1,0
882,0,1,0,0,64.0,73.0,71.0,0,0,1,0,0,0,0,0,1,0,0,0,1,0,0,0,1,0
883,1,3,0,0,55.0,46.0,44.0,0,1,0,0,0,0,0,1,0,0,0,0,1,0,0,0,1,0
884,0,4,1,0,51.0,51.0,54.0,1,0,0,0,0,0,0,0,1,0,0,0,1,0,0,0,1,0
885,0,2,1,1,62.0,76.0,80.0,1,0,0,0,0,0,1,0,0,0,1,0,0,0,0,0,1,0
886,0,4,1,1,93.0,100.0,95.0,1,0,0,0,0,0,0,0,0,1,0,0,0,1,0,0,0,1
887,1,2,0,0,54.0,72.0,59.0,0,0,1,0,0,0,0,0,1,0,0,0,1,0,0,0,1,0
888,0,3,0,0,69.0,65.0,74.0,0,0,0,0,1,0,0,0,1,0,0,0,1,0,0,0,1,0
889,1,3,0,0,44.0,51.0,48.0,0,0,1,0,0,0,0,0,1,0,0,0,1,0,0,1,0,0
890,0,4,1,1,86.0,85.0,91.0,0,0,0,0,1,0,0,0,0,1,1,0,0,0,1,0,0,0
891,0,4,1,0,85.0,92.0,85.0,1,0,0,0,0,0,1,0,0,0,0,0,0,1,1,0,0,0
892,0,0,0,0,50.0,67.0,73.0,0,0,0,1,0,0,0,0,1,0,0,0,1,0,0,0,1,0
893,1,3,1,1,88.0,74.0,75.0,0,0,0,0,0,1,0,0,1,0,0,0,1,0,1,0,0,0
894,0,4,1,0,59.0,62.0,69.0,1,0,0,0,0,0,0,0,1,0,0,0,1,0,0,0,1,0
895,0,4,0,0,32.0,34.0,38.0,0,0,0,0,0,1,0,1,0,0,0,1,0,0,0,1,0,0
896,1,1,0,0,36.0,29.0,27.0,0,0,1,0,0,0,0,1,0,0,0,1,0,0,0,1,0,0
897,0,1,0,1,63.0,78.0,79.0,0,0,0,0,0,1,1,0,0,0,1,0,0,0,0,0,1,0
898,1,3,1,1,67.0,54.0,63.0,1,0,0,0,0,0,0,0,1,0,0,0,1,0,0,0,1,0
899,0,3,1,1,65.0,78.0,82.0,0,0,0,0,0,1,1,0,0,0,1,0,0,0,0,0,1,0
900,1,3,1,0,85.0,84.0,89.0,0,0,0,1,0,0,1,0,0,0,1,0,0,0,1,0,0,0
901,0,2,1,0,73.0,78.0,74.0,0,0,0,1,0,0,0,0,1,0,1,0,0,0,0,0,1,0
902,0,0,0,1,34.0,48.0,41.0,0,0,1,0,0,0,0,1,0,0,0,0,1,0,0,1,0,0
903,0,3,0,1,93.0,100.0,100.0,0,1,0,0,0,0,0,0,0,1,0,0,0,1,0,0,0,1
904,0,3,0,0,67.0,84.0,84.0,0,0,0,0,0,1,1,0,0,0,1,0,0,0,0,0,1,0
905,1,3,1,0,88.0,77.0,77.0,0,0,0,0,1,0,1,0,0,0,1,0,0,0,1,0,0,0
906,1,1,1,0,57.0,48.0,51.0,0,0,1,0,0,0,0,0,1,0,0,0,1,0,0,0,1,0
907,0,3,1,1,79.0,84.0,91.0,0,0,0,0,1,0,0,0,0,1,1,0,0,0,1,0,0,0
908,0,2,0,0,67.0,75.0,72.0,0,1,0,0,0,0,0,0,1,0,0,0,1,0,0,0,1,0
909,1,4,1,1,70.0,64.0,70.0,0,1,0,0,0,0,0,0,1,0,0,0,1,0,0,0,1,0
910,1,3,0,0,50.0,42.0,48.0,0,1,0,0,0,0,0,0,1,0,0,1,0,0,0,0,1,0
911,0,0,1,0,69.0,84.0,82.0,0,0,0,0,1,0,1,0,0,0,1,0,0,0,0,0,1,0
912,0,2,1,1,52.0,61.0,66.0,0,1,0,0,0,0,0,0,1,0,0,0,1,0,0,0,1,0
913,0,2,0,1,47.0,62.0,66.0,0,1,0,0,0,0,0,0,1,0,0,0,1,0,0,0,1,0
914,0,1,0,0,46.0,61.0,55.0,1,0,0,0,0,0,0,0,1,0,0,0,1,0,0,0,1,0
915,0,4,1,0,68.0,70.0,66.0,0,0,0,0,1,0,0,0,1,0,0,0,1,0,0,0,1,0
916,1,4,1,1,100.0,100.0,100.0,0,1,0,0,0,0,0,0,0,1,0,0,0,1,0,0,0,1
917,0,2,1,0,44.0,61.0,52.0,0,0,1,0,0,0,0,0,1,0,0,0,1,0,0,1,0,0
918,0,2,1,1,57.0,77.0,80.0,1,0,0,0,0,0,1,0,0,0,1,0,0,0,0,0,1,0
919,1,1,1,1,91.0,96.0,91.0,0,0,0,0,1,0,0,0,0,1,0,0,0,1,0,0,0,1
920,1,3,0,0,69.0,70.0,67.0,0,0,1,0,0,0,0,0,1,0,0,0,1,0,0,0,1,0
921,0,2,0,0,35.0,53.0,46.0,0,0,1,0,0,0,0,0,1,0,0,0,1,0,0,1,0,0
922,1,3,1,0,72.0,66.0,66.0,0,0,1,0,0,0,0,0,1,0,0,0,1,0,0,0,1,0
923,0,1,0,0,54.0,65.0,65.0,1,0,0,0,0,0,0,0,1,0,0,0,1,0,0,0,1,0
924,1,3,0,0,74.0,70.0,69.0,0,0,1,0,0,0,0,0,1,0,0,0,1,0,0,0,1,0
925,1,4,1,1,74.0,64.0,60.0,0,0,0,0,0,1,0,0,1,0,0,0,1,0,0,0,1,0
926,1,4,0,0,64.0,56.0,52.0,1,0,0,0,0,0,0,0,1,0,0,0,1,0,0,0,1,0
927,0,3,0,1,65.0,61.0,71.0,0,0,1,0,0,0,0,0,1,0,0,0,1,0,0,0,1,0
928,1,4,0,1,46.0,43.0,44.0,1,0,0,0,0,0,0,1,0,0,0,1,0,0,0,0,1,0
929,0,2,0,0,48.0,56.0,51.0,0,0,0,0,0,1,0,0,1,0,0,0,1,0,0,0,1,0
930,1,2,0,1,67.0,74.0,70.0,0,0,0,0,1,0,0,0,1,0,0,0,1,0,0,0,1,0
931,1,3,0,0,62.0,57.0,62.0,0,0,0,0,1,0,0,0,1,0,0,0,1,0,0,0,1,0
932,1,3,0,1,61.0,71.0,73.0,1,0,0,0,0,0,0,0,1,0,0,0,1,0,0,0,1,0
933,1,2,0,1,70.0,75.0,74.0,0,1,0,0,0,0,0,0,1,0,0,0,1,0,0,0,1,0
934,1,2,1,1,98.0,87.0,90.0,1,0,0,0,0,0,1,0,0,0,1,0,0,0,0,0,0,1
935,1,3,0,0,70.0,63.0,58.0,0,0,0,0,1,0,0,0,1,0,0,0,1,0,0,0,1,0
936,1,0,1,0,67.0,57.0,53.0,1,0,0,0,0,0,0,0,1,0,0,0,1,0,0,0,1,0
937,0,4,0,0,57.0,58.0,57.0,0,0,1,0,0,0,0,0,1,0,0,0,1,0,0,0,1,0
938,1,3,1,1,85.0,81.0,85.0,0,0,0,0,1,0,1,0,0,0,1,0,0,0,1,0,0,0
939,1,3,1,1,77.0,68.0,69.0,0,0,0,0,0,1,0,0,1,0,0,0,1,0,1,0,0,0
940,1,2,0,1,72.0,66.0,72.0,0,0,0,1,0,0,0,0,1,0,0,0,1,0,0,0,1,0
941,0,3,1,0,78.0,91.0,96.0,0,0,0,1,0,0,0,0,0,1,0,0,0,1,1,0,0,0
942,1,2,1,0,81.0,66.0,64.0,0,0,1,0,0,0,0,0,1,0,0,0,1,0,1,0,0,0
943,1,0,0,1,61.0,62.0,61.0,0,0,0,0,0,1,0,0,1,0,0,0,1,0,0,0,1,0
944,0,1,1,0,58.0,68.0,61.0,0,0,1,0,0,0,0,0,1,0,0,0,1,0,0,0,1,0
945,0,2,1,0,54.0,61.0,58.0,1,0,0,0,0,0,0,0,1,0,0,0,1,0,0,0,1,0
946,1,1,1,0,82.0,82.0,80.0,0,0,1,0,0,0,1,0,0,0,1,0,0,0,1,0,0,0
947,0,3,0,0,49.0,58.0,60.0,0,0,0,0,1,0,0,0,1,0,0,0,1,0,0,0,1,0
948,1,1,0,1,49.0,50.0,52.0,0,0,0,0,0,1,0,0,1,0,0,0,1,0,0,0,1,0
949,0,4,0,1,57.0,75.0,73.0,0,0,1,0,0,0,0,0,1,0,0,0,1,0,0,0,1,0
950,1,4,1,0,94.0,73.0,71.0,0,0,1,0,0,0,0,0,1,0,0,0,1,0,0,0,0,1
951,0,3,1,1,75.0,77.0,83.0,0,0,0,0,1,0,1,0,0,0,1,0,0,0,0,0,1,0
952,0,4,0,0,74.0,74.0,72.0,0,0,0,0,0,1,0,0,1,0,0,0,1,0,0,0,1,0
953,1,2,1,1,58.0,52.0,54.0,0,0,1,0,0,0,0,0,1,0,0,0,1,0,0,0,1,0
954,0,2,1,0,62.0,69.0,69.0,0,0,0,0,1,0,0,0,1,0,0,0,1,0,0,0,1,0
955,1,4,1,0,72.0,57.0,62.0,1,0,0,0,0,0,0,0,1,0,0,0,1,0,0,0,1,0
956,1,2,1,0,84.0,87.0,81.0,0,0,0,0,1,0,1,0,0,0,1,0,0,0,1,0,0,0
957,0,3,1,0,92.0,100.0,100.0,0,0,0,1,0,0,0,0,0,1,0,0,0,1,0,0,0,1
958,0,3,1,0,45.0,63.0,59.0,0,0,1,0,0,0,0,0,1,0,0,0,1,0,0,1,0,0
959,1,2,1,0,75.0,81.0,71.0,0,0,1,0,0,0,0,0,1,0,1,0,0,0,0,0,1,0
960,0,0,1,0,56.0,58.0,64.0,0,0,0,0,1,0,0,0,1,0,0,0,1,0,0,0,1,0
961,0,3,0,0,48.0,54.0,53.0,0,0,0,0,0,1,0,0,1,0,0,0,1,0,0,0,1,0
962,0,4,1,0,100.0,100.0,100.0,1,0,0,0,0,0,0,0,0,1,0,0,0,1,0,0,0,1
963,0,2,0,1,65.0,76.0,75.0,0,0,0,0,0,1,0,0,1,0,1,0,0,0,0,0,1,0
964,1,3,1,0,72.0,57.0,58.0,0,0,0,0,1,0,0,0,1,0,0,0,1,0,0,0,1,0
965,0,3,1,0,62.0,70.0,72.0,0,0,0,0,1,0,0,0,1,0,0,0,1,0,0,0,1,0
966,1,0,1,1,66.0,68.0,64.0,0,0,0,0,0,1,0,0,1,0,0,0,1,0,0,0,1,0
967,1,2,1,0,63.0,63.0,60.0,0,0,0,0,1,0,0,0,1,0,0,0,1,0,0,0,1,0
968,0,4,1,0,68.0,76.0,67.0,1,0,0,0,0,0,0,0,1,0,1,0,0,0,0,0,1,0
969,0,1,1,0,75.0,84.0,80.0,0,1,0,0,0,0,1,0,0,0,1,0,0,0,0,0,1,0
970,0,3,1,0,89.0,100.0,100.0,0,1,0,0,0,0,0,0,0,1,0,0,0,1,1,0,0,0
971,1,2,1,1,78.0,72.0,69.0,0,0,0,0,0,1,0,0,1,0,0,0,1,0,1,0,0,0
972,0,0,0,1,53.0,50.0,60.0,0,0,1,0,0,0,0,0,1,0,0,0,1,0,0,0,1,0
973,0,3,0,0,49.0,65.0,61.0,0,0,0,0,1,0,0,0,1,0,0,0,1,0,0,0,1,0
974,0,0,1,0,54.0,63.0,67.0,0,0,0,0,1,0,0,0,1,0,0,0,1,0,0,0,1,0
975,0,2,1,1,64.0,82.0,77.0,0,0,0,0,1,0,1,0,0,0,1,0,0,0,0,0,1,0
976,1,1,0,1,60.0,62.0,60.0,0,0,0,0,1,0,0,0,1,0,0,0,1,0,0,0,1,0
977,1,2,1,0,62.0,65.0,58.0,1,0,0,0,0,0,0,0,1,0,0,0,1,0,0,0,1,0
978,1,3,1,1,55.0,41.0,48.0,0,0,1,0,0,0,0,0,1,0,0,1,0,0,0,0,1,0
979,0,2,1,0,91.0,95.0,94.0,1,0,0,0,0,0,0,0,0,1,0,0,0,1,0,0,0,1
980,0,1,0,0,27.0,29.0,25.875,0,0,1,0,0,0,0,1,0,0,0,1,0,0,0,1,0,0
981,1,3,1,0,81.0,78.0,78.0,0,0,0,0,0,1,1,0,0,0,1,0,0,0,1,0,0,0
982,1,1,1,1,79.0,85.0,86.0,0,0,0,0,0,1,1,0,0,0,1,0,0,0,1,0,0,0
983,0,0,1,1,78.0,87.0,91.0,0,0,0,0,1,0,0,0,0,1,1,0,0,0,1,0,0,0
984,0,2,1,0,74.0,75.0,82.0,0,0,0,0,0,1,1,0,0,0,0,0,1,0,0,0,1,0
985,1,0,1,0,57.0,51.0,54.0,0,0,1,0,0,0,0,0,1,0,0,0,1,0,0,0,1,0
986,0,2,1,0,40.0,59.0,51.0,1,0,0,0,0,0,0,0,1,0,0,0,1,0,0,1,0,0
987,1,4,1,1,81.0,75.0,76.0,0,0,0,0,0,1,1,0,0,0,0,0,1,0,1,0,0,0
988,0,0,0,0,44.0,45.0,45.0,0,0,0,0,0,1,0,1,0,0,0,1,0,0,0,1,0,0
989,0,3,0,1,67.0,86.0,83.0,0,0,0,0,1,0,1,0,0,0,1,0,0,0,0,0,1,0
990,1,4,0,1,86.0,81.0,75.0,0,0,1,0,0,0,0,0,1,0,1,0,0,0,1,0,0,0
991,0,1,1,1,65.0,82.0,78.0,0,0,0,0,0,1,1,0,0,0,1,0,0,0,0,0,1,0
992,0,3,0,0,55.0,76.0,76.0,1,0,0,0,0,0,1,0,0,0,1,0,0,0,0,0,1,0
993,0,3,0,0,62.0,72.0,74.0,0,1,0,0,0,0,0,0,1,0,0,0,1,0,0,0,1,0
994,1,0,1,0,63.0,63.0,62.0,0,0,1,0,0,0,0,0,1,0,0,0,1,0,0,0,1,0
995,0,4,1,1,88.0,99.0,95.0,0,0,0,1,0,0,0,0,0,1,0,0,0,1,1,0,0,0
996,1,2,0,0,62.0,55.0,55.0,0,0,1,0,0,0,0,0,1,0,0,0,1,0,0,0,1,0
997,0,2,0,1,59.0,71.0,65.0,0,0,1,0,0,0,0,0,1,0,0,0,1,0,0,0,1,0
998,0,3,1,1,68.0,78.0,77.0,0,0,0,0,1,0,1,0,0,0,1,0,0,0,0,0,1,0
999,0,3,0,0,77.0,86.0,86.0,0,0,0,0,1,0,1,0,0,0,1,0,0,0,1,0,0,0
